<?xml version="1.0" encoding="UTF-8"?>
<font-metrics type="TRUETYPE"><font-name>ArialNarrow,Italic</font-name><embed/><cap-height>715</cap-height><x-height>0</x-height><ascender>935</ascender><descender>-211</descender><bbox><left>-214</left><bottom>-306</bottom><right>999</right><top>1047</top></bbox><flags>97</flags><stemv>0</stemv><italicangle>-10</italicangle><subtype>TRUETYPE</subtype><singlebyte-extras><encoding>WinAnsiEncoding</encoding><first-char>0</first-char><last-char>255</last-char><widths><char idx="0" wdt="228"/><char idx="1" wdt="228"/><char idx="2" wdt="228"/><char idx="3" wdt="228"/><char idx="4" wdt="228"/><char idx="5" wdt="228"/><char idx="6" wdt="228"/><char idx="7" wdt="228"/><char idx="8" wdt="228"/><char idx="9" wdt="228"/><char idx="10" wdt="228"/><char idx="11" wdt="228"/><char idx="12" wdt="228"/><char idx="13" wdt="228"/><char idx="14" wdt="228"/><char idx="15" wdt="228"/><char idx="16" wdt="228"/><char idx="17" wdt="228"/><char idx="18" wdt="228"/><char idx="19" wdt="228"/><char idx="20" wdt="228"/><char idx="21" wdt="228"/><char idx="22" wdt="228"/><char idx="23" wdt="228"/><char idx="24" wdt="228"/><char idx="25" wdt="228"/><char idx="26" wdt="228"/><char idx="27" wdt="228"/><char idx="28" wdt="228"/><char idx="29" wdt="228"/><char idx="30" wdt="228"/><char idx="31" wdt="228"/><char idx="32" wdt="228"/><char idx="33" wdt="228"/><char idx="34" wdt="291"/><char idx="35" wdt="456"/><char idx="36" wdt="456"/><char idx="37" wdt="729"/><char idx="38" wdt="546"/><char idx="39" wdt="157"/><char idx="40" wdt="272"/><char idx="41" wdt="272"/><char idx="42" wdt="318"/><char idx="43" wdt="479"/><char idx="44" wdt="228"/><char idx="45" wdt="272"/><char idx="46" wdt="228"/><char idx="47" wdt="228"/><char idx="48" wdt="456"/><char idx="49" wdt="456"/><char idx="50" wdt="456"/><char idx="51" wdt="456"/><char idx="52" wdt="456"/><char idx="53" wdt="456"/><char idx="54" wdt="456"/><char idx="55" wdt="456"/><char idx="56" wdt="456"/><char idx="57" wdt="456"/><char idx="58" wdt="228"/><char idx="59" wdt="228"/><char idx="60" wdt="479"/><char idx="61" wdt="479"/><char idx="62" wdt="479"/><char idx="63" wdt="456"/><char idx="64" wdt="832"/><char idx="65" wdt="546"/><char idx="66" wdt="546"/><char idx="67" wdt="591"/><char idx="68" wdt="591"/><char idx="69" wdt="546"/><char idx="70" wdt="500"/><char idx="71" wdt="638"/><char idx="72" wdt="591"/><char idx="73" wdt="228"/><char idx="74" wdt="410"/><char idx="75" wdt="546"/><char idx="76" wdt="456"/><char idx="77" wdt="683"/><char idx="78" wdt="591"/><char idx="79" wdt="638"/><char idx="80" wdt="546"/><char idx="81" wdt="638"/><char idx="82" wdt="591"/><char idx="83" wdt="546"/><char idx="84" wdt="500"/><char idx="85" wdt="591"/><char idx="86" wdt="546"/><char idx="87" wdt="773"/><char idx="88" wdt="546"/><char idx="89" wdt="546"/><char idx="90" wdt="500"/><char idx="91" wdt="228"/><char idx="92" wdt="228"/><char idx="93" wdt="228"/><char idx="94" wdt="384"/><char idx="95" wdt="456"/><char idx="96" wdt="182"/><char idx="97" wdt="456"/><char idx="98" wdt="456"/><char idx="99" wdt="410"/><char idx="100" wdt="456"/><char idx="101" wdt="456"/><char idx="102" wdt="228"/><char idx="103" wdt="456"/><char idx="104" wdt="456"/><char idx="105" wdt="182"/><char idx="106" wdt="182"/><char idx="107" wdt="410"/><char idx="108" wdt="182"/><char idx="109" wdt="683"/><char idx="110" wdt="456"/><char idx="111" wdt="456"/><char idx="112" wdt="456"/><char idx="113" wdt="456"/><char idx="114" wdt="272"/><char idx="115" wdt="410"/><char idx="116" wdt="228"/><char idx="117" wdt="456"/><char idx="118" wdt="410"/><char idx="119" wdt="591"/><char idx="120" wdt="410"/><char idx="121" wdt="410"/><char idx="122" wdt="410"/><char idx="123" wdt="273"/><char idx="124" wdt="212"/><char idx="125" wdt="273"/><char idx="126" wdt="479"/><char idx="127" wdt="287"/><char idx="128" wdt="456"/><char idx="129" wdt="287"/><char idx="130" wdt="182"/><char idx="131" wdt="456"/><char idx="132" wdt="272"/><char idx="133" wdt="819"/><char idx="134" wdt="456"/><char idx="135" wdt="456"/><char idx="136" wdt="272"/><char idx="137" wdt="819"/><char idx="138" wdt="546"/><char idx="139" wdt="272"/><char idx="140" wdt="819"/><char idx="141" wdt="287"/><char idx="142" wdt="500"/><char idx="143" wdt="287"/><char idx="144" wdt="287"/><char idx="145" wdt="182"/><char idx="146" wdt="182"/><char idx="147" wdt="272"/><char idx="148" wdt="272"/><char idx="149" wdt="287"/><char idx="150" wdt="456"/><char idx="151" wdt="819"/><char idx="152" wdt="479"/><char idx="153" wdt="819"/><char idx="154" wdt="410"/><char idx="155" wdt="272"/><char idx="156" wdt="773"/><char idx="157" wdt="287"/><char idx="158" wdt="410"/><char idx="159" wdt="546"/><char idx="160" wdt="228"/><char idx="161" wdt="272"/><char idx="162" wdt="456"/><char idx="163" wdt="456"/><char idx="164" wdt="456"/><char idx="165" wdt="456"/><char idx="166" wdt="212"/><char idx="167" wdt="456"/><char idx="168" wdt="272"/><char idx="169" wdt="604"/><char idx="170" wdt="303"/><char idx="171" wdt="456"/><char idx="172" wdt="479"/><char idx="173" wdt="272"/><char idx="174" wdt="604"/><char idx="175" wdt="500"/><char idx="176" wdt="399"/><char idx="177" wdt="548"/><char idx="178" wdt="272"/><char idx="179" wdt="272"/><char idx="180" wdt="272"/><char idx="181" wdt="576"/><char idx="182" wdt="439"/><char idx="183" wdt="272"/><char idx="184" wdt="272"/><char idx="185" wdt="272"/><char idx="186" wdt="298"/><char idx="187" wdt="456"/><char idx="188" wdt="684"/><char idx="189" wdt="684"/><char idx="190" wdt="684"/><char idx="191" wdt="500"/><char idx="192" wdt="546"/><char idx="193" wdt="546"/><char idx="194" wdt="546"/><char idx="195" wdt="546"/><char idx="196" wdt="546"/><char idx="197" wdt="546"/><char idx="198" wdt="819"/><char idx="199" wdt="591"/><char idx="200" wdt="546"/><char idx="201" wdt="546"/><char idx="202" wdt="546"/><char idx="203" wdt="546"/><char idx="204" wdt="228"/><char idx="205" wdt="228"/><char idx="206" wdt="228"/><char idx="207" wdt="228"/><char idx="208" wdt="591"/><char idx="209" wdt="591"/><char idx="210" wdt="638"/><char idx="211" wdt="638"/><char idx="212" wdt="638"/><char idx="213" wdt="638"/><char idx="214" wdt="638"/><char idx="215" wdt="479"/><char idx="216" wdt="638"/><char idx="217" wdt="591"/><char idx="218" wdt="591"/><char idx="219" wdt="591"/><char idx="220" wdt="591"/><char idx="221" wdt="546"/><char idx="222" wdt="546"/><char idx="223" wdt="500"/><char idx="224" wdt="456"/><char idx="225" wdt="456"/><char idx="226" wdt="456"/><char idx="227" wdt="456"/><char idx="228" wdt="456"/><char idx="229" wdt="456"/><char idx="230" wdt="729"/><char idx="231" wdt="410"/><char idx="232" wdt="456"/><char idx="233" wdt="456"/><char idx="234" wdt="456"/><char idx="235" wdt="456"/><char idx="236" wdt="228"/><char idx="237" wdt="228"/><char idx="238" wdt="228"/><char idx="239" wdt="228"/><char idx="240" wdt="456"/><char idx="241" wdt="456"/><char idx="242" wdt="456"/><char idx="243" wdt="456"/><char idx="244" wdt="456"/><char idx="245" wdt="456"/><char idx="246" wdt="456"/><char idx="247" wdt="548"/><char idx="248" wdt="500"/><char idx="249" wdt="456"/><char idx="250" wdt="456"/><char idx="251" wdt="456"/><char idx="252" wdt="456"/><char idx="253" wdt="410"/><char idx="254" wdt="456"/><char idx="255" wdt="410"/></widths></singlebyte-extras><kerning kpx1="146"><pair kern="-37" kpx2="32"/><pair kern="-18" kpx2="146"/><pair kern="-37" kpx2="160"/><pair kern="-18" kpx2="115"/></kerning><kerning kpx1="82"><pair kern="-18" kpx2="87"/><pair kern="-18" kpx2="89"/><pair kern="-18" kpx2="84"/><pair kern="-18" kpx2="86"/></kerning><kerning kpx1="119"><pair kern="-55" kpx2="46"/><pair kern="-55" kpx2="44"/></kerning><kerning kpx1="114"><pair kern="37" kpx2="146"/><pair kern="-55" kpx2="46"/><pair kern="-55" kpx2="44"/></kerning><kerning kpx1="87"><pair kern="-18" kpx2="111"/><pair kern="-18" kpx2="58"/><pair kern="-18" kpx2="114"/><pair kern="-55" kpx2="44"/><pair kern="-18" kpx2="59"/><pair kern="-18" kpx2="45"/><pair kern="-18" kpx2="173"/><pair kern="-37" kpx2="97"/><pair kern="-37" kpx2="65"/><pair kern="-18" kpx2="117"/><pair kern="-8" kpx2="121"/><pair kern="-55" kpx2="46"/><pair kern="-18" kpx2="101"/></kerning><kerning kpx1="145"><pair kern="-18" kpx2="96"/><pair kern="-18" kpx2="145"/></kerning><kerning kpx1="80"><pair kern="-18" kpx2="32"/><pair kern="-74" kpx2="65"/><pair kern="-18" kpx2="160"/><pair kern="-128" kpx2="46"/><pair kern="-128" kpx2="44"/></kerning><kerning kpx1="76"><pair kern="-37" kpx2="32"/><pair kern="-55" kpx2="146"/><pair kern="-37" kpx2="160"/><pair kern="-74" kpx2="87"/><pair kern="-74" kpx2="89"/><pair kern="-74" kpx2="84"/><pair kern="-37" kpx2="121"/><pair kern="-74" kpx2="86"/></kerning><kerning kpx1="49"><pair kern="-74" kpx2="49"/></kerning><kerning kpx1="86"><pair kern="-55" kpx2="111"/><pair kern="-37" kpx2="58"/><pair kern="-37" kpx2="114"/><pair kern="-91" kpx2="44"/><pair kern="-37" kpx2="59"/><pair kern="-55" kpx2="45"/><pair kern="-18" kpx2="105"/><pair kern="-55" kpx2="173"/><pair kern="-74" kpx2="97"/><pair kern="-74" kpx2="65"/><pair kern="-37" kpx2="117"/><pair kern="-37" kpx2="121"/><pair kern="-91" kpx2="46"/><pair kern="-55" kpx2="101"/></kerning><kerning kpx1="118"><pair kern="-74" kpx2="46"/><pair kern="-74" kpx2="44"/></kerning><kerning kpx1="32"><pair kern="-55" kpx2="65"/><pair kern="-18" kpx2="89"/><pair kern="-18" kpx2="84"/></kerning><kerning kpx1="96"><pair kern="-18" kpx2="96"/><pair kern="-18" kpx2="145"/></kerning><kerning kpx1="65"><pair kern="-55" kpx2="32"/><pair kern="-74" kpx2="146"/><pair kern="-18" kpx2="119"/><pair kern="-55" kpx2="160"/><pair kern="-37" kpx2="87"/><pair kern="-74" kpx2="89"/><pair kern="-74" kpx2="84"/><pair kern="-18" kpx2="121"/><pair kern="-74" kpx2="86"/><pair kern="-18" kpx2="118"/></kerning><kerning kpx1="160"><pair kern="-55" kpx2="65"/><pair kern="-18" kpx2="89"/><pair kern="-18" kpx2="84"/></kerning><kerning kpx1="70"><pair kern="-55" kpx2="65"/><pair kern="-110" kpx2="46"/><pair kern="-110" kpx2="44"/></kerning><kerning kpx1="102"><pair kern="18" kpx2="146"/><pair kern="-18" kpx2="102"/></kerning><kerning kpx1="89"><pair kern="-91" kpx2="111"/><pair kern="-55" kpx2="58"/><pair kern="-74" kpx2="112"/><pair kern="-91" kpx2="113"/><pair kern="-55" kpx2="118"/><pair kern="-128" kpx2="44"/><pair kern="-64" kpx2="59"/><pair kern="-91" kpx2="45"/><pair kern="-18" kpx2="32"/><pair kern="-37" kpx2="105"/><pair kern="-91" kpx2="173"/><pair kern="-74" kpx2="97"/><pair kern="-74" kpx2="65"/><pair kern="-18" kpx2="160"/><pair kern="-55" kpx2="117"/><pair kern="-128" kpx2="46"/><pair kern="-91" kpx2="101"/></kerning><kerning kpx1="121"><pair kern="-74" kpx2="46"/><pair kern="-74" kpx2="44"/></kerning><kerning kpx1="84"><pair kern="-110" kpx2="111"/><pair kern="-18" kpx2="79"/><pair kern="-110" kpx2="58"/><pair kern="-55" kpx2="119"/><pair kern="-37" kpx2="114"/><pair kern="-110" kpx2="99"/><pair kern="-110" kpx2="44"/><pair kern="-110" kpx2="59"/><pair kern="-55" kpx2="45"/><pair kern="-18" kpx2="32"/><pair kern="-37" kpx2="105"/><pair kern="-55" kpx2="173"/><pair kern="-110" kpx2="97"/><pair kern="-74" kpx2="65"/><pair kern="-18" kpx2="160"/><pair kern="-37" kpx2="117"/><pair kern="-55" kpx2="121"/><pair kern="-110" kpx2="46"/><pair kern="-110" kpx2="115"/><pair kern="-110" kpx2="101"/></kerning></font-metrics>