<?xml version="1.0" encoding="UTF-8"?>
<font-metrics type="TYPE0"><font-name>ArialNarrow,BoldItalic</font-name><embed/><cap-height>715</cap-height><x-height>0</x-height><ascender>935</ascender><descender>-211</descender><bbox><left>-203</left><bottom>-306</bottom><right>999</right><top>1107</top></bbox><flags>97</flags><stemv>0</stemv><italicangle>-10</italicangle><subtype>TYPE0</subtype><multibyte-extras><cid-type>CIDFontType2</cid-type><default-width>0</default-width><bfranges><bf us="32" ue="126" gi="3"/><bf us="160" ue="160" gi="3"/><bf us="161" ue="161" gi="163"/><bf us="162" ue="163" gi="132"/><bf us="164" ue="164" gi="188"/><bf us="165" ue="165" gi="150"/><bf us="166" ue="166" gi="230"/><bf us="167" ue="167" gi="134"/><bf us="168" ue="168" gi="142"/><bf us="169" ue="169" gi="139"/><bf us="170" ue="170" gi="157"/><bf us="171" ue="171" gi="169"/><bf us="172" ue="172" gi="164"/><bf us="173" ue="173" gi="16"/><bf us="174" ue="174" gi="138"/><bf us="175" ue="175" gi="256"/><bf us="176" ue="176" gi="131"/><bf us="177" ue="177" gi="147"/><bf us="178" ue="179" gi="240"/><bf us="180" ue="180" gi="141"/><bf us="181" ue="181" gi="151"/><bf us="182" ue="182" gi="136"/><bf us="183" ue="183" gi="257"/><bf us="184" ue="184" gi="220"/><bf us="185" ue="185" gi="239"/><bf us="186" ue="186" gi="158"/><bf us="187" ue="187" gi="170"/><bf us="188" ue="188" gi="243"/><bf us="189" ue="189" gi="242"/><bf us="190" ue="190" gi="244"/><bf us="191" ue="191" gi="162"/><bf us="192" ue="192" gi="172"/><bf us="193" ue="193" gi="200"/><bf us="194" ue="194" gi="198"/><bf us="195" ue="195" gi="173"/><bf us="196" ue="197" gi="98"/><bf us="198" ue="198" gi="144"/><bf us="199" ue="199" gi="100"/><bf us="200" ue="200" gi="202"/><bf us="201" ue="201" gi="101"/><bf us="202" ue="202" gi="199"/><bf us="203" ue="203" gi="201"/><bf us="204" ue="204" gi="206"/><bf us="205" ue="207" gi="203"/><bf us="208" ue="208" gi="231"/><bf us="209" ue="209" gi="102"/><bf us="210" ue="210" gi="209"/><bf us="211" ue="212" gi="207"/><bf us="213" ue="213" gi="174"/><bf us="214" ue="214" gi="103"/><bf us="215" ue="215" gi="238"/><bf us="216" ue="216" gi="145"/><bf us="217" ue="217" gi="212"/><bf us="218" ue="219" gi="210"/><bf us="220" ue="220" gi="104"/><bf us="221" ue="221" gi="233"/><bf us="222" ue="222" gi="235"/><bf us="223" ue="223" gi="137"/><bf us="224" ue="224" gi="106"/><bf us="225" ue="225" gi="105"/><bf us="226" ue="226" gi="107"/><bf us="227" ue="227" gi="109"/><bf us="228" ue="228" gi="108"/><bf us="229" ue="229" gi="110"/><bf us="230" ue="230" gi="160"/><bf us="231" ue="231" gi="111"/><bf us="232" ue="232" gi="113"/><bf us="233" ue="233" gi="112"/><bf us="234" ue="235" gi="114"/><bf us="236" ue="236" gi="117"/><bf us="237" ue="237" gi="116"/><bf us="238" ue="239" gi="118"/><bf us="240" ue="240" gi="232"/><bf us="241" ue="241" gi="120"/><bf us="242" ue="242" gi="122"/><bf us="243" ue="243" gi="121"/><bf us="244" ue="244" gi="123"/><bf us="245" ue="245" gi="125"/><bf us="246" ue="246" gi="124"/><bf us="247" ue="247" gi="183"/><bf us="248" ue="248" gi="161"/><bf us="249" ue="249" gi="127"/><bf us="250" ue="250" gi="126"/><bf us="251" ue="252" gi="128"/><bf us="253" ue="253" gi="234"/><bf us="254" ue="254" gi="236"/><bf us="255" ue="255" gi="185"/><bf us="256" ue="257" gi="406"/><bf us="258" ue="261" gi="258"/><bf us="262" ue="263" gi="251"/><bf us="264" ue="267" gi="408"/><bf us="268" ue="269" gi="253"/><bf us="270" ue="272" gi="262"/><bf us="273" ue="273" gi="255"/><bf us="274" ue="279" gi="412"/><bf us="280" ue="283" gi="265"/><bf us="284" ue="285" gi="418"/><bf us="286" ue="287" gi="246"/><bf us="288" ue="303" gi="420"/><bf us="304" ue="304" gi="248"/><bf us="305" ue="305" gi="213"/><bf us="306" ue="307" gi="394"/><bf us="308" ue="312" gi="436"/><bf us="313" ue="314" gi="269"/><bf us="315" ue="316" gi="441"/><bf us="317" ue="320" gi="271"/><bf us="321" ue="322" gi="224"/><bf us="323" ue="324" gi="275"/><bf us="325" ue="326" gi="443"/><bf us="327" ue="328" gi="277"/><bf us="329" ue="329" gi="396"/><bf us="330" ue="335" gi="445"/><bf us="336" ue="337" gi="279"/><bf us="338" ue="339" gi="175"/><bf us="340" ue="341" gi="281"/><bf us="342" ue="343" gi="451"/><bf us="344" ue="347" gi="283"/><bf us="348" ue="349" gi="453"/><bf us="350" ue="351" gi="249"/><bf us="352" ue="353" gi="226"/><bf us="354" ue="357" gi="287"/><bf us="358" ue="365" gi="455"/><bf us="366" ue="369" gi="291"/><bf us="370" ue="375" gi="463"/><bf us="376" ue="376" gi="186"/><bf us="377" ue="380" gi="295"/><bf us="381" ue="382" gi="228"/><bf us="383" ue="383" gi="469"/><bf us="402" ue="402" gi="166"/><bf us="506" ue="511" gi="470"/><bf us="710" ue="710" gi="214"/><bf us="711" ue="711" gi="223"/><bf us="713" ue="713" gi="216"/><bf us="728" ue="730" gi="217"/><bf us="731" ue="731" gi="222"/><bf us="732" ue="732" gi="215"/><bf us="733" ue="733" gi="221"/><bf us="894" ue="894" gi="30"/><bf us="900" ue="902" gi="495"/><bf us="903" ue="903" gi="476"/><bf us="904" ue="906" gi="498"/><bf us="908" ue="908" gi="501"/><bf us="910" ue="914" gi="502"/><bf us="915" ue="915" gi="299"/><bf us="916" ue="919" gi="507"/><bf us="920" ue="920" gi="300"/><bf us="921" ue="929" gi="511"/><bf us="931" ue="933" gi="520"/><bf us="934" ue="934" gi="301"/><bf us="935" ue="944" gi="523"/><bf us="945" ue="945" gi="302"/><bf us="946" ue="947" gi="533"/><bf us="948" ue="949" gi="303"/><bf us="950" ue="959" gi="535"/><bf us="960" ue="960" gi="652"/><bf us="961" ue="962" gi="545"/><bf us="963" ue="964" gi="305"/><bf us="965" ue="965" gi="547"/><bf us="966" ue="966" gi="307"/><bf us="967" ue="974" gi="548"/><bf us="1025" ue="1036" gi="556"/><bf us="1038" ue="1103" gi="568"/><bf us="1105" ue="1116" gi="634"/><bf us="1118" ue="1119" gi="646"/><bf us="1168" ue="1169" gi="648"/><bf us="7808" ue="7813" gi="477"/><bf us="7922" ue="7923" gi="483"/><bf us="8211" ue="8212" gi="177"/><bf us="8213" ue="8213" gi="650"/><bf us="8215" ue="8215" gi="308"/><bf us="8216" ue="8217" gi="181"/><bf us="8218" ue="8218" gi="195"/><bf us="8219" ue="8219" gi="485"/><bf us="8220" ue="8221" gi="179"/><bf us="8222" ue="8222" gi="196"/><bf us="8224" ue="8224" gi="130"/><bf us="8225" ue="8225" gi="193"/><bf us="8226" ue="8226" gi="135"/><bf us="8230" ue="8230" gi="171"/><bf us="8240" ue="8240" gi="197"/><bf us="8242" ue="8243" gi="397"/><bf us="8249" ue="8250" gi="189"/><bf us="8252" ue="8252" gi="309"/><bf us="8254" ue="8254" gi="486"/><bf us="8260" ue="8260" gi="187"/><bf us="8319" ue="8319" gi="310"/><bf us="8355" ue="8355" gi="245"/><bf us="8356" ue="8356" gi="487"/><bf us="8359" ue="8359" gi="311"/><bf us="8364" ue="8364" gi="657"/><bf us="8453" ue="8453" gi="399"/><bf us="8467" ue="8467" gi="400"/><bf us="8470" ue="8470" gi="651"/><bf us="8482" ue="8482" gi="140"/><bf us="8486" ue="8486" gi="159"/><bf us="8494" ue="8494" gi="488"/><bf us="8539" ue="8542" gi="489"/><bf us="8592" ue="8597" gi="312"/><bf us="8616" ue="8616" gi="318"/><bf us="8706" ue="8706" gi="152"/><bf us="8710" ue="8710" gi="168"/><bf us="8719" ue="8719" gi="154"/><bf us="8721" ue="8721" gi="153"/><bf us="8722" ue="8722" gi="237"/><bf us="8725" ue="8725" gi="187"/><bf us="8729" ue="8729" gi="194"/><bf us="8730" ue="8730" gi="165"/><bf us="8734" ue="8734" gi="146"/><bf us="8735" ue="8735" gi="319"/><bf us="8745" ue="8745" gi="320"/><bf us="8747" ue="8747" gi="156"/><bf us="8776" ue="8776" gi="167"/><bf us="8800" ue="8800" gi="143"/><bf us="8801" ue="8801" gi="321"/><bf us="8804" ue="8805" gi="148"/><bf us="8962" ue="8962" gi="322"/><bf us="8976" ue="8976" gi="323"/><bf us="8992" ue="8993" gi="324"/><bf us="9472" ue="9472" gi="326"/><bf us="9474" ue="9474" gi="327"/><bf us="9484" ue="9484" gi="328"/><bf us="9488" ue="9488" gi="329"/><bf us="9492" ue="9492" gi="330"/><bf us="9496" ue="9496" gi="331"/><bf us="9500" ue="9500" gi="332"/><bf us="9508" ue="9508" gi="333"/><bf us="9516" ue="9516" gi="334"/><bf us="9524" ue="9524" gi="335"/><bf us="9532" ue="9532" gi="336"/><bf us="9552" ue="9580" gi="337"/><bf us="9600" ue="9600" gi="366"/><bf us="9604" ue="9604" gi="367"/><bf us="9608" ue="9608" gi="368"/><bf us="9612" ue="9612" gi="369"/><bf us="9616" ue="9619" gi="370"/><bf us="9632" ue="9632" gi="374"/><bf us="9633" ue="9633" gi="401"/><bf us="9642" ue="9643" gi="402"/><bf us="9644" ue="9644" gi="375"/><bf us="9650" ue="9650" gi="376"/><bf us="9658" ue="9658" gi="377"/><bf us="9660" ue="9660" gi="378"/><bf us="9668" ue="9668" gi="379"/><bf us="9674" ue="9674" gi="184"/><bf us="9675" ue="9675" gi="380"/><bf us="9679" ue="9679" gi="404"/><bf us="9688" ue="9689" gi="381"/><bf us="9702" ue="9702" gi="405"/><bf us="9786" ue="9788" gi="383"/><bf us="9792" ue="9792" gi="386"/><bf us="9794" ue="9794" gi="387"/><bf us="9824" ue="9824" gi="388"/><bf us="9827" ue="9827" gi="389"/><bf us="9829" ue="9830" gi="390"/><bf us="9834" ue="9835" gi="392"/><bf us="61441" ue="61442" gi="191"/><bf us="61443" ue="61443" gi="653"/><bf us="61444" ue="61445" gi="493"/><bf us="61446" ue="61448" gi="654"/><bf us="61456" ue="61456" gi="155"/><bf us="64257" ue="64258" gi="191"/><bf us="65535" ue="65535" gi="0"/></bfranges><cid-widths start-index="0"><wx w="777"/><wx w="0"/><wx w="228"/><wx w="228"/><wx w="272"/><wx w="389"/><wx w="456"/><wx w="456"/><wx w="729"/><wx w="591"/><wx w="194"/><wx w="272"/><wx w="272"/><wx w="318"/><wx w="479"/><wx w="228"/><wx w="272"/><wx w="228"/><wx w="228"/><wx w="456"/><wx w="456"/><wx w="456"/><wx w="456"/><wx w="456"/><wx w="456"/><wx w="456"/><wx w="456"/><wx w="456"/><wx w="456"/><wx w="272"/><wx w="272"/><wx w="479"/><wx w="479"/><wx w="479"/><wx w="500"/><wx w="799"/><wx w="591"/><wx w="591"/><wx w="591"/><wx w="591"/><wx w="546"/><wx w="500"/><wx w="638"/><wx w="591"/><wx w="228"/><wx w="456"/><wx w="591"/><wx w="500"/><wx w="683"/><wx w="591"/><wx w="638"/><wx w="546"/><wx w="638"/><wx w="591"/><wx w="546"/><wx w="500"/><wx w="591"/><wx w="546"/><wx w="773"/><wx w="546"/><wx w="546"/><wx w="500"/><wx w="272"/><wx w="228"/><wx w="272"/><wx w="479"/><wx w="456"/><wx w="272"/><wx w="456"/><wx w="500"/><wx w="456"/><wx w="500"/><wx w="456"/><wx w="272"/><wx w="500"/><wx w="500"/><wx w="228"/><wx w="228"/><wx w="456"/><wx w="228"/><wx w="729"/><wx w="500"/><wx w="500"/><wx w="500"/><wx w="500"/><wx w="318"/><wx w="456"/><wx w="272"/><wx w="500"/><wx w="456"/><wx w="638"/><wx w="456"/><wx w="456"/><wx w="410"/><wx w="318"/><wx w="229"/><wx w="318"/><wx w="479"/><wx w="591"/><wx w="591"/><wx w="591"/><wx w="546"/><wx w="591"/><wx w="638"/><wx w="591"/><wx w="456"/><wx w="456"/><wx w="456"/><wx w="456"/><wx w="456"/><wx w="456"/><wx w="456"/><wx w="456"/><wx w="456"/><wx w="456"/><wx w="456"/><wx w="228"/><wx w="228"/><wx w="228"/><wx w="228"/><wx w="500"/><wx w="500"/><wx w="500"/><wx w="500"/><wx w="500"/><wx w="500"/><wx w="500"/><wx w="500"/><wx w="500"/><wx w="500"/><wx w="456"/><wx w="399"/><wx w="456"/><wx w="456"/><wx w="456"/><wx w="287"/><wx w="456"/><wx w="500"/><wx w="604"/><wx w="604"/><wx w="819"/><wx w="272"/><wx w="272"/><wx w="548"/><wx w="819"/><wx w="638"/><wx w="712"/><wx w="548"/><wx w="548"/><wx w="548"/><wx w="456"/><wx w="576"/><wx w="494"/><wx w="712"/><wx w="823"/><wx w="548"/><wx w="273"/><wx w="303"/><wx w="298"/><wx w="768"/><wx w="729"/><wx w="500"/><wx w="500"/><wx w="272"/><wx w="479"/><wx w="548"/><wx w="456"/><wx w="548"/><wx w="611"/><wx w="456"/><wx w="456"/><wx w="819"/><wx w="591"/><wx w="591"/><wx w="638"/><wx w="819"/><wx w="773"/><wx w="456"/><wx w="819"/><wx w="410"/><wx w="410"/><wx w="228"/><wx w="228"/><wx w="548"/><wx w="494"/><wx w="456"/><wx w="546"/><wx w="137"/><wx w="456"/><wx w="272"/><wx w="272"/><wx w="500"/><wx w="500"/><wx w="456"/><wx w="228"/><wx w="228"/><wx w="410"/><wx w="819"/><wx w="591"/><wx w="546"/><wx w="591"/><wx w="546"/><wx w="546"/><wx w="228"/><wx w="228"/><wx w="228"/><wx w="228"/><wx w="638"/><wx w="638"/><wx w="638"/><wx w="591"/><wx w="591"/><wx w="591"/><wx w="228"/><wx w="272"/><wx w="272"/><wx w="272"/><wx w="272"/><wx w="272"/><wx w="272"/><wx w="272"/><wx w="272"/><wx w="272"/><wx w="272"/><wx w="500"/><wx w="228"/><wx w="546"/><wx w="456"/><wx w="500"/><wx w="410"/><wx w="229"/><wx w="591"/><wx w="500"/><wx w="546"/><wx w="456"/><wx w="546"/><wx w="500"/><wx w="479"/><wx w="479"/><wx w="272"/><wx w="272"/><wx w="272"/><wx w="684"/><wx w="684"/><wx w="684"/><wx w="503"/><wx w="638"/><wx w="500"/><wx w="228"/><wx w="546"/><wx w="456"/><wx w="591"/><wx w="456"/><wx w="591"/><wx w="456"/><wx w="500"/><wx w="500"/><wx w="272"/><wx w="591"/><wx w="456"/><wx w="591"/><wx w="456"/><wx w="591"/><wx w="606"/><wx w="591"/><wx w="546"/><wx w="456"/><wx w="546"/><wx w="456"/><wx w="500"/><wx w="228"/><wx w="500"/><wx w="325"/><wx w="500"/><wx w="334"/><wx w="591"/><wx w="500"/><wx w="591"/><wx w="500"/><wx w="638"/><wx w="500"/><wx w="591"/><wx w="318"/><wx w="591"/><wx w="318"/><wx w="546"/><wx w="456"/><wx w="500"/><wx w="272"/><wx w="500"/><wx w="393"/><wx w="591"/><wx w="500"/><wx w="591"/><wx w="500"/><wx w="500"/><wx w="410"/><wx w="500"/><wx w="410"/><wx w="500"/><wx w="638"/><wx w="673"/><wx w="503"/><wx w="500"/><wx w="394"/><wx w="540"/><wx w="334"/><wx w="582"/><wx w="500"/><wx w="545"/><wx w="325"/><wx w="917"/><wx w="1000"/><wx w="500"/><wx w="1000"/><wx w="500"/><wx w="1000"/><wx w="500"/><wx w="500"/><wx w="979"/><wx w="722"/><wx w="479"/><wx w="600"/><wx w="479"/><wx w="604"/><wx w="604"/><wx w="708"/><wx w="615"/><wx w="708"/><wx w="708"/><wx w="708"/><wx w="708"/><wx w="708"/><wx w="708"/><wx w="708"/><wx w="708"/><wx w="708"/><wx w="708"/><wx w="708"/><wx w="708"/><wx w="708"/><wx w="708"/><wx w="708"/><wx w="708"/><wx w="708"/><wx w="708"/><wx w="708"/><wx w="708"/><wx w="708"/><wx w="708"/><wx w="708"/><wx w="708"/><wx w="708"/><wx w="708"/><wx w="708"/><wx w="708"/><wx w="708"/><wx w="708"/><wx w="708"/><wx w="708"/><wx w="708"/><wx w="708"/><wx w="708"/><wx w="708"/><wx w="708"/><wx w="708"/><wx w="708"/><wx w="708"/><wx w="708"/><wx w="708"/><wx w="708"/><wx w="708"/><wx w="708"/><wx w="729"/><wx w="604"/><wx w="1000"/><wx w="989"/><wx w="989"/><wx w="989"/><wx w="989"/><wx w="604"/><wx w="604"/><wx w="604"/><wx w="1020"/><wx w="1052"/><wx w="916"/><wx w="750"/><wx w="750"/><wx w="531"/><wx w="656"/><wx w="593"/><wx w="510"/><wx w="500"/><wx w="750"/><wx w="684"/><wx w="456"/><wx w="699"/><wx w="194"/><wx w="389"/><wx w="813"/><wx w="532"/><wx w="604"/><wx w="354"/><wx w="354"/><wx w="604"/><wx w="354"/><wx w="591"/><wx w="456"/><wx w="591"/><wx w="456"/><wx w="591"/><wx w="456"/><wx w="546"/><wx w="456"/><wx w="546"/><wx w="456"/><wx w="546"/><wx w="456"/><wx w="638"/><wx w="500"/><wx w="638"/><wx w="500"/><wx w="638"/><wx w="500"/><wx w="591"/><wx w="500"/><wx w="591"/><wx w="500"/><wx w="228"/><wx w="228"/><wx w="228"/><wx w="228"/><wx w="228"/><wx w="228"/><wx w="228"/><wx w="228"/><wx w="456"/><wx w="228"/><wx w="591"/><wx w="456"/><wx w="463"/><wx w="500"/><wx w="228"/><wx w="591"/><wx w="500"/><wx w="604"/><wx w="500"/><wx w="638"/><wx w="500"/><wx w="638"/><wx w="500"/><wx w="591"/><wx w="318"/><wx w="546"/><wx w="456"/><wx w="500"/><wx w="272"/><wx w="591"/><wx w="500"/><wx w="591"/><wx w="500"/><wx w="591"/><wx w="500"/><wx w="591"/><wx w="500"/><wx w="773"/><wx w="638"/><wx w="546"/><wx w="456"/><wx w="228"/><wx w="591"/><wx w="456"/><wx w="819"/><wx w="729"/><wx w="638"/><wx w="500"/><wx w="272"/><wx w="773"/><wx w="638"/><wx w="773"/><wx w="638"/><wx w="773"/><wx w="638"/><wx w="546"/><wx w="456"/><wx w="228"/><wx w="456"/><wx w="456"/><wx w="600"/><wx w="684"/><wx w="684"/><wx w="684"/><wx w="684"/><wx w="272"/><wx w="272"/><wx w="333"/><wx w="272"/><wx w="591"/><wx w="701"/><wx w="743"/><wx w="387"/><wx w="689"/><wx w="763"/><wx w="694"/><wx w="228"/><wx w="591"/><wx w="591"/><wx w="549"/><wx w="546"/><wx w="500"/><wx w="591"/><wx w="228"/><wx w="591"/><wx w="546"/><wx w="683"/><wx w="591"/><wx w="539"/><wx w="638"/><wx w="591"/><wx w="546"/><wx w="483"/><wx w="500"/><wx w="546"/><wx w="546"/><wx w="679"/><wx w="640"/><wx w="228"/><wx w="546"/><wx w="503"/><wx w="394"/><wx w="500"/><wx w="228"/><wx w="500"/><wx w="508"/><wx w="456"/><wx w="402"/><wx w="500"/><wx w="451"/><wx w="228"/><wx w="463"/><wx w="456"/><wx w="499"/><wx w="456"/><wx w="369"/><wx w="500"/><wx w="504"/><wx w="437"/><wx w="500"/><wx w="474"/><wx w="633"/><wx w="676"/><wx w="228"/><wx w="500"/><wx w="500"/><wx w="500"/><wx w="676"/><wx w="546"/><wx w="726"/><wx w="500"/><wx w="589"/><wx w="546"/><wx w="228"/><wx w="228"/><wx w="456"/><wx w="896"/><wx w="854"/><wx w="700"/><wx w="503"/><wx w="555"/><wx w="589"/><wx w="591"/><wx w="581"/><wx w="591"/><wx w="500"/><wx w="591"/><wx w="546"/><wx w="759"/><wx w="526"/><wx w="589"/><wx w="589"/><wx w="503"/><wx w="562"/><wx w="683"/><wx w="591"/><wx w="638"/><wx w="591"/><wx w="546"/><wx w="591"/><wx w="500"/><wx w="555"/><wx w="640"/><wx w="546"/><wx w="598"/><wx w="581"/><wx w="803"/><wx w="811"/><wx w="700"/><wx w="809"/><wx w="581"/><wx w="589"/><wx w="854"/><wx w="598"/><wx w="456"/><wx w="507"/><wx w="495"/><wx w="437"/><wx w="506"/><wx w="456"/><wx w="604"/><wx w="417"/><wx w="500"/><wx w="500"/><wx w="416"/><wx w="509"/><wx w="606"/><wx w="495"/><wx w="500"/><wx w="500"/><wx w="500"/><wx w="456"/><wx w="729"/><wx w="456"/><wx w="726"/><wx w="456"/><wx w="529"/><wx w="478"/><wx w="726"/><wx w="767"/><wx w="580"/><wx w="714"/><wx w="486"/><wx w="453"/><wx w="708"/><wx w="482"/><wx w="456"/><wx w="500"/><wx w="384"/><wx w="461"/><wx w="456"/><wx w="228"/><wx w="228"/><wx w="228"/><wx w="794"/><wx w="743"/><wx w="500"/><wx w="416"/><wx w="456"/><wx w="503"/><wx w="471"/><wx w="382"/><wx w="819"/><wx w="939"/><wx w="583"/><wx w="272"/><wx w="272"/><wx w="272"/><wx w="272"/><wx w="456"/></cid-widths></multibyte-extras><kerning kpx1="51"><pair kpx2="17" kern="-128"/><pair kpx2="15" kern="-128"/><pair kpx2="36" kern="-74"/><pair kpx2="260" kern="-74"/><pair kpx2="3" kern="-18"/></kerning><kerning kpx1="287"><pair kpx2="90" kern="-74"/><pair kpx2="15" kern="-110"/><pair kpx2="68" kern="-74"/><pair kpx2="30" kern="-110"/><pair kpx2="36" kern="-74"/><pair kpx2="82" kern="-74"/><pair kpx2="72" kern="-74"/><pair kpx2="16" kern="-55"/><pair kpx2="50" kern="-18"/><pair kpx2="76" kern="-18"/><pair kpx2="86" kern="-74"/><pair kpx2="279" kern="-18"/><pair kpx2="17" kern="-110"/><pair kpx2="266" kern="-74"/><pair kpx2="92" kern="-74"/><pair kpx2="260" kern="-74"/><pair kpx2="70" kern="-74"/><pair kpx2="85" kern="-55"/><pair kpx2="261" kern="-74"/><pair kpx2="29" kern="-110"/><pair kpx2="88" kern="-74"/></kerning><kerning kpx1="182"><pair kpx2="182" kern="-37"/><pair kpx2="3" kern="-55"/><pair kpx2="86" kern="-37"/></kerning><kerning kpx1="73"><pair kpx2="182" kern="18"/></kerning><kerning kpx1="41"><pair kpx2="17" kern="-110"/><pair kpx2="15" kern="-110"/><pair kpx2="36" kern="-55"/><pair kpx2="260" kern="-55"/></kerning><kerning kpx1="53"><pair kpx2="58" kern="-18"/><pair kpx2="60" kern="-37"/><pair kpx2="57" kern="-18"/></kerning><kerning kpx1="260"><pair kpx2="90" kern="-18"/><pair kpx2="287" kern="-74"/><pair kpx2="58" kern="-55"/><pair kpx2="55" kern="-74"/><pair kpx2="60" kern="-91"/><pair kpx2="182" kern="-55"/><pair kpx2="89" kern="-37"/><pair kpx2="289" kern="-74"/><pair kpx2="57" kern="-74"/><pair kpx2="3" kern="-37"/></kerning><kerning kpx1="85"><pair kpx2="17" kern="-55"/><pair kpx2="15" kern="-55"/><pair kpx2="182" kern="37"/></kerning><kerning kpx1="60"><pair kpx2="83" kern="-55"/><pair kpx2="15" kern="-110"/><pair kpx2="68" kern="-55"/><pair kpx2="30" kern="-74"/><pair kpx2="36" kern="-91"/><pair kpx2="82" kern="-74"/><pair kpx2="72" kern="-55"/><pair kpx2="16" kern="-55"/><pair kpx2="3" kern="-18"/><pair kpx2="76" kern="-37"/><pair kpx2="17" kern="-110"/><pair kpx2="266" kern="-55"/><pair kpx2="260" kern="-91"/><pair kpx2="89" kern="-55"/><pair kpx2="84" kern="-74"/><pair kpx2="29" kern="-74"/><pair kpx2="261" kern="-55"/><pair kpx2="88" kern="-55"/></kerning><kerning kpx1="289"><pair kpx2="90" kern="-74"/><pair kpx2="15" kern="-110"/><pair kpx2="68" kern="-74"/><pair kpx2="30" kern="-110"/><pair kpx2="36" kern="-74"/><pair kpx2="82" kern="-74"/><pair kpx2="72" kern="-74"/><pair kpx2="16" kern="-55"/><pair kpx2="50" kern="-18"/><pair kpx2="76" kern="-18"/><pair kpx2="86" kern="-74"/><pair kpx2="279" kern="-18"/><pair kpx2="17" kern="-110"/><pair kpx2="266" kern="-74"/><pair kpx2="92" kern="-74"/><pair kpx2="260" kern="-74"/><pair kpx2="70" kern="-74"/><pair kpx2="85" kern="-55"/><pair kpx2="261" kern="-74"/><pair kpx2="29" kern="-110"/><pair kpx2="88" kern="-74"/></kerning><kerning kpx1="90"><pair kpx2="17" kern="-37"/><pair kpx2="15" kern="-37"/></kerning><kerning kpx1="47"><pair kpx2="287" kern="-74"/><pair kpx2="58" kern="-55"/><pair kpx2="92" kern="-37"/><pair kpx2="55" kern="-74"/><pair kpx2="60" kern="-91"/><pair kpx2="182" kern="-55"/><pair kpx2="289" kern="-74"/><pair kpx2="57" kern="-74"/><pair kpx2="3" kern="-18"/></kerning><kerning kpx1="283"><pair kpx2="58" kern="-18"/><pair kpx2="60" kern="-37"/><pair kpx2="57" kern="-18"/></kerning><kerning kpx1="36"><pair kpx2="90" kern="-18"/><pair kpx2="287" kern="-74"/><pair kpx2="58" kern="-55"/><pair kpx2="92" kern="-37"/><pair kpx2="55" kern="-74"/><pair kpx2="60" kern="-91"/><pair kpx2="182" kern="-55"/><pair kpx2="89" kern="-37"/><pair kpx2="289" kern="-74"/><pair kpx2="57" kern="-74"/><pair kpx2="3" kern="-37"/></kerning><kerning kpx1="58"><pair kpx2="17" kern="-55"/><pair kpx2="266" kern="-18"/><pair kpx2="68" kern="-37"/><pair kpx2="15" kern="-55"/><pair kpx2="36" kern="-55"/><pair kpx2="30" kern="-18"/><pair kpx2="82" kern="-18"/><pair kpx2="92" kern="-18"/><pair kpx2="260" kern="-55"/><pair kpx2="85" kern="-18"/><pair kpx2="72" kern="-18"/><pair kpx2="16" kern="-20"/><pair kpx2="261" kern="-37"/><pair kpx2="29" kern="-18"/><pair kpx2="76" kern="-8"/><pair kpx2="88" kern="-18"/></kerning><kerning kpx1="55"><pair kpx2="90" kern="-74"/><pair kpx2="15" kern="-110"/><pair kpx2="68" kern="-74"/><pair kpx2="30" kern="-110"/><pair kpx2="36" kern="-74"/><pair kpx2="82" kern="-74"/><pair kpx2="72" kern="-74"/><pair kpx2="16" kern="-55"/><pair kpx2="50" kern="-18"/><pair kpx2="76" kern="-18"/><pair kpx2="86" kern="-74"/><pair kpx2="279" kern="-18"/><pair kpx2="17" kern="-110"/><pair kpx2="266" kern="-74"/><pair kpx2="92" kern="-74"/><pair kpx2="260" kern="-74"/><pair kpx2="70" kern="-74"/><pair kpx2="85" kern="-55"/><pair kpx2="261" kern="-74"/><pair kpx2="29" kern="-110"/><pair kpx2="88" kern="-74"/></kerning><kerning kpx1="282"><pair kpx2="17" kern="-55"/><pair kpx2="15" kern="-55"/><pair kpx2="182" kern="37"/></kerning><kerning kpx1="3"><pair kpx2="36" kern="-37"/><pair kpx2="260" kern="-37"/><pair kpx2="60" kern="-18"/></kerning><kerning kpx1="181"><pair kpx2="181" kern="-37"/></kerning><kerning kpx1="281"><pair kpx2="58" kern="-18"/><pair kpx2="60" kern="-37"/><pair kpx2="57" kern="-18"/></kerning><kerning kpx1="92"><pair kpx2="17" kern="-74"/><pair kpx2="15" kern="-74"/></kerning><kerning kpx1="89"><pair kpx2="17" kern="-74"/><pair kpx2="15" kern="-74"/></kerning><kerning kpx1="57"><pair kpx2="17" kern="-91"/><pair kpx2="266" kern="-55"/><pair kpx2="68" kern="-55"/><pair kpx2="15" kern="-91"/><pair kpx2="36" kern="-74"/><pair kpx2="30" kern="-55"/><pair kpx2="82" kern="-74"/><pair kpx2="92" kern="-37"/><pair kpx2="260" kern="-74"/><pair kpx2="85" kern="-55"/><pair kpx2="72" kern="-55"/><pair kpx2="16" kern="-55"/><pair kpx2="261" kern="-55"/><pair kpx2="29" kern="-55"/><pair kpx2="76" kern="-18"/><pair kpx2="88" kern="-37"/></kerning><kerning kpx1="20"><pair kpx2="20" kern="-55"/></kerning><kerning kpx1="284"><pair kpx2="17" kern="-55"/><pair kpx2="15" kern="-55"/><pair kpx2="182" kern="37"/></kerning><kerning kpx1="269"><pair kpx2="287" kern="-74"/><pair kpx2="58" kern="-55"/><pair kpx2="92" kern="-37"/><pair kpx2="55" kern="-74"/><pair kpx2="60" kern="-91"/><pair kpx2="182" kern="-55"/><pair kpx2="289" kern="-74"/><pair kpx2="57" kern="-74"/><pair kpx2="3" kern="-18"/></kerning></font-metrics>