<?xml version="1.0" encoding="UTF-8"?>
<font-metrics type="TYPE0"><font-name>Arial</font-name><embed/><cap-height>715</cap-height><x-height>518</x-height><ascender>905</ascender><descender>-211</descender><bbox><left>-664</left><bottom>-324</bottom><right>2000</right><top>1005</top></bbox><flags>32</flags><stemv>0</stemv><italicangle>0</italicangle><subtype>TYPE0</subtype><multibyte-extras><cid-type>CIDFontType2</cid-type><default-width>0</default-width><bfranges><bf us="32" ue="126" gi="3"/><bf us="160" ue="160" gi="3"/><bf us="161" ue="161" gi="163"/><bf us="162" ue="163" gi="132"/><bf us="164" ue="164" gi="862"/><bf us="165" ue="165" gi="150"/><bf us="166" ue="166" gi="230"/><bf us="167" ue="167" gi="134"/><bf us="168" ue="168" gi="142"/><bf us="169" ue="169" gi="139"/><bf us="170" ue="170" gi="157"/><bf us="171" ue="171" gi="169"/><bf us="172" ue="172" gi="164"/><bf us="173" ue="173" gi="16"/><bf us="174" ue="174" gi="138"/><bf us="175" ue="175" gi="256"/><bf us="176" ue="176" gi="131"/><bf us="177" ue="177" gi="147"/><bf us="178" ue="179" gi="240"/><bf us="180" ue="180" gi="141"/><bf us="181" ue="181" gi="151"/><bf us="182" ue="182" gi="136"/><bf us="183" ue="183" gi="194"/><bf us="184" ue="184" gi="220"/><bf us="185" ue="185" gi="239"/><bf us="186" ue="186" gi="158"/><bf us="187" ue="187" gi="170"/><bf us="188" ue="188" gi="243"/><bf us="189" ue="189" gi="242"/><bf us="190" ue="190" gi="244"/><bf us="191" ue="191" gi="162"/><bf us="192" ue="192" gi="172"/><bf us="193" ue="193" gi="200"/><bf us="194" ue="194" gi="198"/><bf us="195" ue="195" gi="173"/><bf us="196" ue="197" gi="98"/><bf us="198" ue="198" gi="144"/><bf us="199" ue="199" gi="100"/><bf us="200" ue="200" gi="202"/><bf us="201" ue="201" gi="101"/><bf us="202" ue="202" gi="199"/><bf us="203" ue="203" gi="201"/><bf us="204" ue="204" gi="206"/><bf us="205" ue="207" gi="203"/><bf us="208" ue="208" gi="231"/><bf us="209" ue="209" gi="102"/><bf us="210" ue="210" gi="209"/><bf us="211" ue="212" gi="207"/><bf us="213" ue="213" gi="174"/><bf us="214" ue="214" gi="103"/><bf us="215" ue="215" gi="238"/><bf us="216" ue="216" gi="145"/><bf us="217" ue="217" gi="212"/><bf us="218" ue="219" gi="210"/><bf us="220" ue="220" gi="104"/><bf us="221" ue="221" gi="233"/><bf us="222" ue="222" gi="235"/><bf us="223" ue="223" gi="137"/><bf us="224" ue="224" gi="106"/><bf us="225" ue="225" gi="105"/><bf us="226" ue="226" gi="107"/><bf us="227" ue="227" gi="109"/><bf us="228" ue="228" gi="108"/><bf us="229" ue="229" gi="110"/><bf us="230" ue="230" gi="160"/><bf us="231" ue="231" gi="111"/><bf us="232" ue="232" gi="113"/><bf us="233" ue="233" gi="112"/><bf us="234" ue="235" gi="114"/><bf us="236" ue="236" gi="117"/><bf us="237" ue="237" gi="116"/><bf us="238" ue="239" gi="118"/><bf us="240" ue="240" gi="232"/><bf us="241" ue="241" gi="120"/><bf us="242" ue="242" gi="122"/><bf us="243" ue="243" gi="121"/><bf us="244" ue="244" gi="123"/><bf us="245" ue="245" gi="125"/><bf us="246" ue="246" gi="124"/><bf us="247" ue="247" gi="183"/><bf us="248" ue="248" gi="161"/><bf us="249" ue="249" gi="127"/><bf us="250" ue="250" gi="126"/><bf us="251" ue="252" gi="128"/><bf us="253" ue="253" gi="234"/><bf us="254" ue="254" gi="236"/><bf us="255" ue="255" gi="185"/><bf us="256" ue="257" gi="406"/><bf us="258" ue="261" gi="258"/><bf us="262" ue="263" gi="251"/><bf us="264" ue="267" gi="408"/><bf us="268" ue="269" gi="253"/><bf us="270" ue="272" gi="262"/><bf us="273" ue="273" gi="255"/><bf us="274" ue="279" gi="412"/><bf us="280" ue="283" gi="265"/><bf us="284" ue="285" gi="418"/><bf us="286" ue="287" gi="246"/><bf us="288" ue="303" gi="420"/><bf us="304" ue="304" gi="248"/><bf us="305" ue="305" gi="213"/><bf us="306" ue="307" gi="394"/><bf us="308" ue="312" gi="436"/><bf us="313" ue="314" gi="269"/><bf us="315" ue="316" gi="441"/><bf us="317" ue="320" gi="271"/><bf us="321" ue="322" gi="224"/><bf us="323" ue="324" gi="275"/><bf us="325" ue="326" gi="443"/><bf us="327" ue="328" gi="277"/><bf us="329" ue="329" gi="396"/><bf us="330" ue="335" gi="445"/><bf us="336" ue="337" gi="279"/><bf us="338" ue="339" gi="175"/><bf us="340" ue="341" gi="281"/><bf us="342" ue="343" gi="451"/><bf us="344" ue="347" gi="283"/><bf us="348" ue="349" gi="453"/><bf us="350" ue="351" gi="249"/><bf us="352" ue="353" gi="226"/><bf us="354" ue="357" gi="287"/><bf us="358" ue="365" gi="455"/><bf us="366" ue="369" gi="291"/><bf us="370" ue="375" gi="463"/><bf us="376" ue="376" gi="186"/><bf us="377" ue="380" gi="295"/><bf us="381" ue="382" gi="228"/><bf us="383" ue="383" gi="469"/><bf us="399" ue="399" gi="1316"/><bf us="402" ue="402" gi="166"/><bf us="416" ue="417" gi="1130"/><bf us="431" ue="432" gi="1132"/><bf us="461" ue="476" gi="1276"/><bf us="506" ue="511" gi="470"/><bf us="601" ue="601" gi="1317"/><bf us="710" ue="710" gi="214"/><bf us="711" ue="711" gi="223"/><bf us="713" ue="713" gi="216"/><bf us="728" ue="730" gi="217"/><bf us="731" ue="731" gi="222"/><bf us="732" ue="732" gi="215"/><bf us="733" ue="733" gi="221"/><bf us="768" ue="769" gi="1170"/><bf us="771" ue="771" gi="1146"/><bf us="777" ue="777" gi="1140"/><bf us="803" ue="803" gi="1173"/><bf us="894" ue="894" gi="30"/><bf us="900" ue="902" gi="495"/><bf us="903" ue="903" gi="476"/><bf us="904" ue="906" gi="498"/><bf us="908" ue="908" gi="501"/><bf us="910" ue="914" gi="502"/><bf us="915" ue="915" gi="299"/><bf us="916" ue="919" gi="507"/><bf us="920" ue="920" gi="300"/><bf us="921" ue="929" gi="511"/><bf us="931" ue="933" gi="520"/><bf us="934" ue="934" gi="301"/><bf us="935" ue="944" gi="523"/><bf us="945" ue="945" gi="302"/><bf us="946" ue="947" gi="533"/><bf us="948" ue="949" gi="303"/><bf us="950" ue="959" gi="535"/><bf us="960" ue="960" gi="652"/><bf us="961" ue="962" gi="545"/><bf us="963" ue="964" gi="305"/><bf us="965" ue="965" gi="547"/><bf us="966" ue="966" gi="307"/><bf us="967" ue="974" gi="548"/><bf us="1025" ue="1036" gi="556"/><bf us="1038" ue="1103" gi="568"/><bf us="1105" ue="1116" gi="634"/><bf us="1118" ue="1119" gi="646"/><bf us="1168" ue="1169" gi="648"/><bf us="1170" ue="1171" gi="1296"/><bf us="1174" ue="1175" gi="1298"/><bf us="1178" ue="1181" gi="1300"/><bf us="1186" ue="1187" gi="1304"/><bf us="1198" ue="1203" gi="1306"/><bf us="1208" ue="1211" gi="1312"/><bf us="1240" ue="1241" gi="1316"/><bf us="1256" ue="1257" gi="1318"/><bf us="1456" ue="1465" gi="653"/><bf us="1466" ue="1475" gi="662"/><bf us="1488" ue="1514" gi="672"/><bf us="1520" ue="1524" gi="699"/><bf us="1548" ue="1548" gi="748"/><bf us="1563" ue="1563" gi="749"/><bf us="1567" ue="1567" gi="750"/><bf us="1569" ue="1569" gi="751"/><bf us="1570" ue="1570" gi="897"/><bf us="1571" ue="1571" gi="899"/><bf us="1572" ue="1572" gi="901"/><bf us="1573" ue="1573" gi="903"/><bf us="1574" ue="1574" gi="905"/><bf us="1575" ue="1575" gi="909"/><bf us="1576" ue="1576" gi="911"/><bf us="1577" ue="1577" gi="915"/><bf us="1578" ue="1578" gi="917"/><bf us="1579" ue="1579" gi="921"/><bf us="1580" ue="1580" gi="925"/><bf us="1581" ue="1581" gi="929"/><bf us="1582" ue="1582" gi="933"/><bf us="1583" ue="1583" gi="937"/><bf us="1584" ue="1584" gi="939"/><bf us="1585" ue="1585" gi="941"/><bf us="1586" ue="1586" gi="943"/><bf us="1587" ue="1587" gi="945"/><bf us="1588" ue="1588" gi="949"/><bf us="1589" ue="1589" gi="953"/><bf us="1590" ue="1590" gi="957"/><bf us="1591" ue="1591" gi="961"/><bf us="1592" ue="1592" gi="965"/><bf us="1593" ue="1593" gi="969"/><bf us="1594" ue="1594" gi="973"/><bf us="1600" ue="1600" gi="752"/><bf us="1601" ue="1601" gi="977"/><bf us="1602" ue="1602" gi="981"/><bf us="1603" ue="1603" gi="985"/><bf us="1604" ue="1604" gi="989"/><bf us="1605" ue="1605" gi="993"/><bf us="1606" ue="1606" gi="997"/><bf us="1607" ue="1607" gi="1001"/><bf us="1608" ue="1608" gi="1005"/><bf us="1609" ue="1609" gi="1007"/><bf us="1610" ue="1610" gi="1009"/><bf us="1611" ue="1618" gi="753"/><bf us="1619" ue="1621" gi="1336"/><bf us="1632" ue="1643" gi="761"/><bf us="1644" ue="1644" gi="748"/><bf us="1645" ue="1645" gi="773"/><bf us="1646" ue="1646" gi="1320"/><bf us="1647" ue="1647" gi="1324"/><bf us="1648" ue="1649" gi="1339"/><bf us="1650" ue="1650" gi="1342"/><bf us="1651" ue="1651" gi="1344"/><bf us="1652" ue="1652" gi="1337"/><bf us="1653" ue="1653" gi="1346"/><bf us="1654" ue="1654" gi="1348"/><bf us="1655" ue="1655" gi="1350"/><bf us="1656" ue="1656" gi="1352"/><bf us="1657" ue="1657" gi="1354"/><bf us="1658" ue="1658" gi="1358"/><bf us="1659" ue="1659" gi="1362"/><bf us="1660" ue="1660" gi="1366"/><bf us="1661" ue="1661" gi="1370"/><bf us="1662" ue="1662" gi="799"/><bf us="1663" ue="1663" gi="1374"/><bf us="1664" ue="1664" gi="1378"/><bf us="1665" ue="1665" gi="1382"/><bf us="1666" ue="1666" gi="1386"/><bf us="1667" ue="1667" gi="1390"/><bf us="1668" ue="1668" gi="1394"/><bf us="1669" ue="1669" gi="1398"/><bf us="1670" ue="1670" gi="807"/><bf us="1671" ue="1671" gi="1402"/><bf us="1672" ue="1672" gi="1406"/><bf us="1673" ue="1673" gi="1408"/><bf us="1674" ue="1674" gi="1410"/><bf us="1675" ue="1675" gi="1412"/><bf us="1676" ue="1676" gi="1414"/><bf us="1677" ue="1677" gi="1416"/><bf us="1678" ue="1678" gi="1418"/><bf us="1679" ue="1679" gi="1420"/><bf us="1680" ue="1680" gi="1422"/><bf us="1681" ue="1681" gi="1424"/><bf us="1682" ue="1682" gi="1426"/><bf us="1683" ue="1683" gi="1428"/><bf us="1684" ue="1684" gi="1430"/><bf us="1685" ue="1685" gi="1432"/><bf us="1686" ue="1686" gi="1434"/><bf us="1687" ue="1687" gi="1436"/><bf us="1688" ue="1688" gi="811"/><bf us="1689" ue="1689" gi="1438"/><bf us="1690" ue="1690" gi="1440"/><bf us="1691" ue="1691" gi="1444"/><bf us="1692" ue="1692" gi="1448"/><bf us="1693" ue="1693" gi="1452"/><bf us="1694" ue="1694" gi="1456"/><bf us="1695" ue="1695" gi="1460"/><bf us="1696" ue="1696" gi="1462"/><bf us="1697" ue="1698" gi="1466"/><bf us="1699" ue="1699" gi="1471"/><bf us="1700" ue="1700" gi="1475"/><bf us="1701" ue="1701" gi="1479"/><bf us="1702" ue="1702" gi="1483"/><bf us="1703" ue="1703" gi="1487"/><bf us="1704" ue="1704" gi="1489"/><bf us="1705" ue="1705" gi="813"/><bf us="1706" ue="1706" gi="1491"/><bf us="1707" ue="1707" gi="1495"/><bf us="1708" ue="1708" gi="1499"/><bf us="1709" ue="1709" gi="1503"/><bf us="1710" ue="1710" gi="1507"/><bf us="1711" ue="1711" gi="817"/><bf us="1712" ue="1712" gi="1511"/><bf us="1713" ue="1713" gi="1515"/><bf us="1714" ue="1714" gi="1519"/><bf us="1715" ue="1715" gi="1523"/><bf us="1716" ue="1716" gi="1527"/><bf us="1717" ue="1717" gi="1531"/><bf us="1718" ue="1718" gi="1535"/><bf us="1719" ue="1719" gi="1539"/><bf us="1720" ue="1720" gi="1543"/><bf us="1721" ue="1721" gi="1547"/><bf us="1722" ue="1722" gi="1551"/><bf us="1723" ue="1723" gi="1553"/><bf us="1724" ue="1724" gi="1555"/><bf us="1725" ue="1725" gi="1559"/><bf us="1726" ue="1726" gi="1003"/><bf us="1727" ue="1727" gi="1561"/><bf us="1728" ue="1728" gi="1565"/><bf us="1729" ue="1732" gi="1567"/><bf us="1733" ue="1733" gi="1572"/><bf us="1734" ue="1734" gi="1574"/><bf us="1735" ue="1735" gi="1576"/><bf us="1736" ue="1736" gi="1578"/><bf us="1737" ue="1737" gi="1580"/><bf us="1738" ue="1738" gi="1582"/><bf us="1739" ue="1739" gi="1584"/><bf us="1740" ue="1740" gi="821"/><bf us="1741" ue="1741" gi="1586"/><bf us="1742" ue="1742" gi="1588"/><bf us="1743" ue="1743" gi="1592"/><bf us="1744" ue="1744" gi="1594"/><bf us="1745" ue="1745" gi="1598"/><bf us="1746" ue="1746" gi="1600"/><bf us="1747" ue="1747" gi="1602"/><bf us="1748" ue="1748" gi="1604"/><bf us="1749" ue="1749" gi="776"/><bf us="1750" ue="1771" gi="1605"/><bf us="1772" ue="1772" gi="1614"/><bf us="1773" ue="1773" gi="1627"/><bf us="1776" ue="1779" gi="761"/><bf us="1780" ue="1782" gi="778"/><bf us="1783" ue="1785" gi="768"/><bf us="1786" ue="1786" gi="1628"/><bf us="1787" ue="1787" gi="1632"/><bf us="1788" ue="1788" gi="1636"/><bf us="1789" ue="1790" gi="1640"/><bf us="7808" ue="7813" gi="477"/><bf us="7840" ue="7921" gi="1188"/><bf us="7922" ue="7923" gi="483"/><bf us="7924" ue="7929" gi="1270"/><bf us="8204" ue="8207" gi="744"/><bf us="8211" ue="8212" gi="177"/><bf us="8213" ue="8213" gi="650"/><bf us="8215" ue="8215" gi="308"/><bf us="8216" ue="8217" gi="181"/><bf us="8218" ue="8218" gi="195"/><bf us="8219" ue="8219" gi="485"/><bf us="8220" ue="8221" gi="179"/><bf us="8222" ue="8222" gi="196"/><bf us="8224" ue="8224" gi="130"/><bf us="8225" ue="8225" gi="193"/><bf us="8226" ue="8226" gi="135"/><bf us="8230" ue="8230" gi="171"/><bf us="8234" ue="8235" gi="846"/><bf us="8236" ue="8236" gi="850"/><bf us="8237" ue="8238" gi="848"/><bf us="8240" ue="8240" gi="197"/><bf us="8242" ue="8243" gi="397"/><bf us="8249" ue="8250" gi="189"/><bf us="8252" ue="8252" gi="309"/><bf us="8254" ue="8254" gi="486"/><bf us="8260" ue="8260" gi="187"/><bf us="8298" ue="8301" gi="853"/><bf us="8302" ue="8303" gi="851"/><bf us="8319" ue="8319" gi="310"/><bf us="8355" ue="8355" gi="245"/><bf us="8356" ue="8356" gi="487"/><bf us="8359" ue="8359" gi="311"/><bf us="8362" ue="8362" gi="704"/><bf us="8363" ue="8363" gi="1150"/><bf us="8364" ue="8364" gi="188"/><bf us="8453" ue="8453" gi="399"/><bf us="8467" ue="8467" gi="400"/><bf us="8470" ue="8470" gi="651"/><bf us="8482" ue="8482" gi="140"/><bf us="8486" ue="8486" gi="159"/><bf us="8494" ue="8494" gi="488"/><bf us="8531" ue="8532" gi="1151"/><bf us="8539" ue="8542" gi="489"/><bf us="8592" ue="8597" gi="312"/><bf us="8616" ue="8616" gi="318"/><bf us="8706" ue="8706" gi="152"/><bf us="8710" ue="8710" gi="168"/><bf us="8719" ue="8719" gi="154"/><bf us="8721" ue="8721" gi="153"/><bf us="8722" ue="8722" gi="237"/><bf us="8725" ue="8725" gi="187"/><bf us="8729" ue="8729" gi="194"/><bf us="8730" ue="8730" gi="165"/><bf us="8734" ue="8734" gi="146"/><bf us="8735" ue="8735" gi="319"/><bf us="8745" ue="8745" gi="320"/><bf us="8747" ue="8747" gi="156"/><bf us="8776" ue="8776" gi="167"/><bf us="8800" ue="8800" gi="143"/><bf us="8801" ue="8801" gi="321"/><bf us="8804" ue="8805" gi="148"/><bf us="8962" ue="8962" gi="322"/><bf us="8976" ue="8976" gi="323"/><bf us="8992" ue="8993" gi="324"/><bf us="9472" ue="9472" gi="326"/><bf us="9474" ue="9474" gi="327"/><bf us="9484" ue="9484" gi="328"/><bf us="9488" ue="9488" gi="329"/><bf us="9492" ue="9492" gi="330"/><bf us="9496" ue="9496" gi="331"/><bf us="9500" ue="9500" gi="332"/><bf us="9508" ue="9508" gi="333"/><bf us="9516" ue="9516" gi="334"/><bf us="9524" ue="9524" gi="335"/><bf us="9532" ue="9532" gi="336"/><bf us="9552" ue="9580" gi="337"/><bf us="9600" ue="9600" gi="366"/><bf us="9604" ue="9604" gi="367"/><bf us="9608" ue="9608" gi="368"/><bf us="9612" ue="9612" gi="369"/><bf us="9616" ue="9619" gi="370"/><bf us="9632" ue="9632" gi="374"/><bf us="9633" ue="9633" gi="401"/><bf us="9642" ue="9643" gi="402"/><bf us="9644" ue="9644" gi="375"/><bf us="9650" ue="9650" gi="376"/><bf us="9658" ue="9658" gi="377"/><bf us="9660" ue="9660" gi="378"/><bf us="9668" ue="9668" gi="379"/><bf us="9674" ue="9674" gi="184"/><bf us="9675" ue="9675" gi="380"/><bf us="9679" ue="9679" gi="404"/><bf us="9688" ue="9689" gi="381"/><bf us="9702" ue="9702" gi="405"/><bf us="9786" ue="9788" gi="383"/><bf us="9792" ue="9792" gi="386"/><bf us="9794" ue="9794" gi="387"/><bf us="9824" ue="9824" gi="388"/><bf us="9827" ue="9827" gi="389"/><bf us="9829" ue="9830" gi="390"/><bf us="9834" ue="9835" gi="392"/><bf us="59393" ue="59397" gi="705"/><bf us="59416" ue="59416" gi="786"/><bf us="59450" ue="59450" gi="795"/><bf us="61441" ue="61442" gi="191"/><bf us="61444" ue="61445" gi="493"/><bf us="61446" ue="61447" gi="1137"/><bf us="61448" ue="61448" gi="1153"/><bf us="61449" ue="61449" gi="1139"/><bf us="61450" ue="61454" gi="857"/><bf us="61455" ue="61455" gi="1156"/><bf us="61456" ue="61456" gi="1141"/><bf us="61457" ue="61457" gi="1143"/><bf us="61458" ue="61458" gi="1157"/><bf us="61459" ue="61459" gi="1142"/><bf us="61460" ue="61460" gi="1158"/><bf us="61461" ue="61461" gi="1145"/><bf us="61462" ue="61467" gi="1159"/><bf us="61468" ue="61468" gi="1144"/><bf us="61469" ue="61469" gi="1172"/><bf us="61470" ue="61474" gi="1165"/><bf us="61475" ue="61475" gi="1174"/><bf us="61476" ue="61480" gi="1178"/><bf us="61481" ue="61483" gi="1175"/><bf us="61484" ue="61484" gi="1149"/><bf us="61485" ue="61489" gi="1183"/><bf us="64257" ue="64258" gi="191"/><bf us="64285" ue="64286" gi="1652"/><bf us="64287" ue="64287" gi="1655"/><bf us="64288" ue="64288" gi="710"/><bf us="64298" ue="64310" gi="711"/><bf us="64312" ue="64316" gi="724"/><bf us="64318" ue="64318" gi="729"/><bf us="64320" ue="64321" gi="730"/><bf us="64323" ue="64324" gi="732"/><bf us="64326" ue="64335" gi="734"/><bf us="64336" ue="64337" gi="1340"/><bf us="64338" ue="64341" gi="1362"/><bf us="64342" ue="64345" gi="799"/><bf us="64346" ue="64349" gi="1378"/><bf us="64350" ue="64353" gi="1358"/><bf us="64354" ue="64357" gi="1374"/><bf us="64358" ue="64361" gi="1354"/><bf us="64362" ue="64365" gi="1475"/><bf us="64366" ue="64369" gi="1483"/><bf us="64370" ue="64373" gi="1394"/><bf us="64374" ue="64377" gi="1390"/><bf us="64378" ue="64381" gi="807"/><bf us="64382" ue="64385" gi="1402"/><bf us="64386" ue="64387" gi="1416"/><bf us="64388" ue="64389" gi="1414"/><bf us="64390" ue="64391" gi="1418"/><bf us="64392" ue="64393" gi="1406"/><bf us="64394" ue="64395" gi="811"/><bf us="64396" ue="64397" gi="1424"/><bf us="64398" ue="64405" gi="813"/><bf us="64406" ue="64409" gi="1523"/><bf us="64410" ue="64413" gi="1515"/><bf us="64414" ue="64417" gi="1551"/><bf us="64418" ue="64419" gi="1356"/><bf us="64420" ue="64421" gi="1565"/><bf us="64422" ue="64422" gi="1642"/><bf us="64423" ue="64423" gi="1567"/><bf us="64424" ue="64425" gi="1643"/><bf us="64426" ue="64426" gi="1003"/><bf us="64427" ue="64429" gi="1002"/><bf us="64430" ue="64433" gi="1600"/><bf us="64467" ue="64470" gi="1503"/><bf us="64471" ue="64472" gi="1576"/><bf us="64473" ue="64474" gi="1574"/><bf us="64475" ue="64476" gi="1578"/><bf us="64477" ue="64477" gi="1350"/><bf us="64478" ue="64479" gi="1584"/><bf us="64480" ue="64481" gi="1572"/><bf us="64482" ue="64483" gi="1580"/><bf us="64484" ue="64487" gi="1594"/><bf us="64508" ue="64509" gi="821"/><bf us="64510" ue="64511" gi="1011"/><bf us="64606" ue="64610" gi="839"/><bf us="64830" ue="64831" gi="892"/><bf us="65010" ue="65010" gi="895"/><bf us="65152" ue="65276" gi="896"/><bf us="65532" ue="65532" gi="863"/><bf us="65535" ue="65535" gi="0"/></bfranges><cid-widths start-index="0"><wx w="750"/><wx w="0"/><wx w="277"/><wx w="277"/><wx w="277"/><wx w="354"/><wx w="556"/><wx w="556"/><wx w="889"/><wx w="666"/><wx w="190"/><wx w="333"/><wx w="333"/><wx w="389"/><wx w="583"/><wx w="277"/><wx w="333"/><wx w="277"/><wx w="277"/><wx w="556"/><wx w="556"/><wx w="556"/><wx w="556"/><wx w="556"/><wx w="556"/><wx w="556"/><wx w="556"/><wx w="556"/><wx w="556"/><wx w="277"/><wx w="277"/><wx w="583"/><wx w="583"/><wx w="583"/><wx w="556"/><wx w="1015"/><wx w="666"/><wx w="666"/><wx w="722"/><wx w="722"/><wx w="666"/><wx w="610"/><wx w="777"/><wx w="722"/><wx w="277"/><wx w="500"/><wx w="666"/><wx w="556"/><wx w="833"/><wx w="722"/><wx w="777"/><wx w="666"/><wx w="777"/><wx w="722"/><wx w="666"/><wx w="610"/><wx w="722"/><wx w="666"/><wx w="943"/><wx w="666"/><wx w="666"/><wx w="610"/><wx w="277"/><wx w="277"/><wx w="277"/><wx w="469"/><wx w="556"/><wx w="333"/><wx w="556"/><wx w="556"/><wx w="500"/><wx w="556"/><wx w="556"/><wx w="277"/><wx w="556"/><wx w="556"/><wx w="222"/><wx w="222"/><wx w="500"/><wx w="222"/><wx w="833"/><wx w="556"/><wx w="556"/><wx w="556"/><wx w="556"/><wx w="333"/><wx w="500"/><wx w="277"/><wx w="556"/><wx w="500"/><wx w="722"/><wx w="500"/><wx w="500"/><wx w="500"/><wx w="333"/><wx w="259"/><wx w="333"/><wx w="583"/><wx w="666"/><wx w="666"/><wx w="722"/><wx w="666"/><wx w="722"/><wx w="777"/><wx w="722"/><wx w="556"/><wx w="556"/><wx w="556"/><wx w="556"/><wx w="556"/><wx w="556"/><wx w="500"/><wx w="556"/><wx w="556"/><wx w="556"/><wx w="556"/><wx w="277"/><wx w="277"/><wx w="277"/><wx w="277"/><wx w="556"/><wx w="556"/><wx w="556"/><wx w="556"/><wx w="556"/><wx w="556"/><wx w="556"/><wx w="556"/><wx w="556"/><wx w="556"/><wx w="556"/><wx w="399"/><wx w="556"/><wx w="556"/><wx w="556"/><wx w="350"/><wx w="537"/><wx w="610"/><wx w="736"/><wx w="736"/><wx w="1000"/><wx w="333"/><wx w="333"/><wx w="548"/><wx w="1000"/><wx w="777"/><wx w="712"/><wx w="548"/><wx w="548"/><wx w="548"/><wx w="556"/><wx w="576"/><wx w="494"/><wx w="712"/><wx w="823"/><wx w="548"/><wx w="273"/><wx w="370"/><wx w="365"/><wx w="768"/><wx w="889"/><wx w="610"/><wx w="610"/><wx w="333"/><wx w="583"/><wx w="548"/><wx w="556"/><wx w="548"/><wx w="611"/><wx w="556"/><wx w="556"/><wx w="1000"/><wx w="666"/><wx w="666"/><wx w="777"/><wx w="1000"/><wx w="943"/><wx w="556"/><wx w="1000"/><wx w="333"/><wx w="333"/><wx w="222"/><wx w="222"/><wx w="548"/><wx w="494"/><wx w="500"/><wx w="666"/><wx w="166"/><wx w="556"/><wx w="333"/><wx w="333"/><wx w="500"/><wx w="500"/><wx w="556"/><wx w="277"/><wx w="222"/><wx w="333"/><wx w="1000"/><wx w="666"/><wx w="666"/><wx w="666"/><wx w="666"/><wx w="666"/><wx w="277"/><wx w="277"/><wx w="277"/><wx w="277"/><wx w="777"/><wx w="777"/><wx w="777"/><wx w="722"/><wx w="722"/><wx w="722"/><wx w="277"/><wx w="333"/><wx w="333"/><wx w="333"/><wx w="333"/><wx w="333"/><wx w="333"/><wx w="333"/><wx w="333"/><wx w="333"/><wx w="333"/><wx w="556"/><wx w="222"/><wx w="666"/><wx w="500"/><wx w="610"/><wx w="500"/><wx w="259"/><wx w="722"/><wx w="556"/><wx w="666"/><wx w="500"/><wx w="666"/><wx w="556"/><wx w="583"/><wx w="583"/><wx w="333"/><wx w="333"/><wx w="333"/><wx w="833"/><wx w="833"/><wx w="833"/><wx w="556"/><wx w="777"/><wx w="556"/><wx w="277"/><wx w="666"/><wx w="500"/><wx w="722"/><wx w="500"/><wx w="722"/><wx w="500"/><wx w="556"/><wx w="552"/><wx w="333"/><wx w="666"/><wx w="556"/><wx w="666"/><wx w="556"/><wx w="722"/><wx w="614"/><wx w="722"/><wx w="666"/><wx w="556"/><wx w="666"/><wx w="556"/><wx w="556"/><wx w="222"/><wx w="556"/><wx w="291"/><wx w="556"/><wx w="333"/><wx w="722"/><wx w="556"/><wx w="722"/><wx w="556"/><wx w="777"/><wx w="556"/><wx w="722"/><wx w="333"/><wx w="722"/><wx w="333"/><wx w="666"/><wx w="500"/><wx w="610"/><wx w="277"/><wx w="610"/><wx w="375"/><wx w="722"/><wx w="556"/><wx w="722"/><wx w="556"/><wx w="610"/><wx w="500"/><wx w="610"/><wx w="500"/><wx w="550"/><wx w="777"/><wx w="797"/><wx w="578"/><wx w="556"/><wx w="445"/><wx w="617"/><wx w="395"/><wx w="648"/><wx w="552"/><wx w="500"/><wx w="364"/><wx w="1093"/><wx w="1000"/><wx w="500"/><wx w="1000"/><wx w="500"/><wx w="1000"/><wx w="500"/><wx w="500"/><wx w="979"/><wx w="718"/><wx w="583"/><wx w="604"/><wx w="583"/><wx w="604"/><wx w="604"/><wx w="708"/><wx w="625"/><wx w="708"/><wx w="708"/><wx w="708"/><wx w="708"/><wx w="708"/><wx w="708"/><wx w="708"/><wx w="708"/><wx w="708"/><wx w="708"/><wx w="708"/><wx w="708"/><wx w="708"/><wx w="708"/><wx w="708"/><wx w="708"/><wx w="708"/><wx w="708"/><wx w="708"/><wx w="708"/><wx w="708"/><wx w="708"/><wx w="708"/><wx w="708"/><wx w="708"/><wx w="708"/><wx w="708"/><wx w="708"/><wx w="708"/><wx w="708"/><wx w="708"/><wx w="708"/><wx w="708"/><wx w="708"/><wx w="708"/><wx w="708"/><wx w="708"/><wx w="708"/><wx w="708"/><wx w="708"/><wx w="708"/><wx w="708"/><wx w="708"/><wx w="708"/><wx w="708"/><wx w="729"/><wx w="604"/><wx w="1000"/><wx w="989"/><wx w="989"/><wx w="989"/><wx w="989"/><wx w="604"/><wx w="604"/><wx w="604"/><wx w="1020"/><wx w="1052"/><wx w="916"/><wx w="750"/><wx w="750"/><wx w="531"/><wx w="656"/><wx w="593"/><wx w="510"/><wx w="500"/><wx w="750"/><wx w="734"/><wx w="443"/><wx w="604"/><wx w="187"/><wx w="354"/><wx w="885"/><wx w="323"/><wx w="604"/><wx w="354"/><wx w="354"/><wx w="604"/><wx w="354"/><wx w="666"/><wx w="556"/><wx w="722"/><wx w="500"/><wx w="722"/><wx w="500"/><wx w="666"/><wx w="556"/><wx w="666"/><wx w="556"/><wx w="666"/><wx w="556"/><wx w="777"/><wx w="556"/><wx w="777"/><wx w="556"/><wx w="777"/><wx w="556"/><wx w="722"/><wx w="556"/><wx w="722"/><wx w="556"/><wx w="277"/><wx w="277"/><wx w="277"/><wx w="277"/><wx w="277"/><wx w="277"/><wx w="277"/><wx w="222"/><wx w="500"/><wx w="222"/><wx w="666"/><wx w="500"/><wx w="500"/><wx w="556"/><wx w="222"/><wx w="722"/><wx w="556"/><wx w="723"/><wx w="556"/><wx w="777"/><wx w="556"/><wx w="777"/><wx w="556"/><wx w="722"/><wx w="333"/><wx w="666"/><wx w="500"/><wx w="610"/><wx w="277"/><wx w="722"/><wx w="556"/><wx w="722"/><wx w="556"/><wx w="722"/><wx w="556"/><wx w="722"/><wx w="556"/><wx w="943"/><wx w="722"/><wx w="666"/><wx w="500"/><wx w="222"/><wx w="666"/><wx w="556"/><wx w="1000"/><wx w="889"/><wx w="777"/><wx w="610"/><wx w="277"/><wx w="943"/><wx w="722"/><wx w="943"/><wx w="722"/><wx w="943"/><wx w="722"/><wx w="666"/><wx w="500"/><wx w="222"/><wx w="333"/><wx w="556"/><wx w="600"/><wx w="833"/><wx w="833"/><wx w="833"/><wx w="833"/><wx w="333"/><wx w="333"/><wx w="333"/><wx w="333"/><wx w="667"/><wx w="784"/><wx w="837"/><wx w="383"/><wx w="774"/><wx w="855"/><wx w="752"/><wx w="222"/><wx w="666"/><wx w="666"/><wx w="667"/><wx w="666"/><wx w="610"/><wx w="722"/><wx w="277"/><wx w="666"/><wx w="667"/><wx w="833"/><wx w="722"/><wx w="649"/><wx w="777"/><wx w="722"/><wx w="666"/><wx w="618"/><wx w="610"/><wx w="666"/><wx w="666"/><wx w="835"/><wx w="747"/><wx w="277"/><wx w="666"/><wx w="578"/><wx w="445"/><wx w="556"/><wx w="222"/><wx w="546"/><wx w="575"/><wx w="500"/><wx w="440"/><wx w="556"/><wx w="556"/><wx w="222"/><wx w="500"/><wx w="500"/><wx w="576"/><wx w="500"/><wx w="447"/><wx w="556"/><wx w="568"/><wx w="481"/><wx w="546"/><wx w="524"/><wx w="712"/><wx w="780"/><wx w="222"/><wx w="546"/><wx w="556"/><wx w="546"/><wx w="780"/><wx w="667"/><wx w="864"/><wx w="541"/><wx w="718"/><wx w="666"/><wx w="277"/><wx w="277"/><wx w="500"/><wx w="1057"/><wx w="1010"/><wx w="854"/><wx w="582"/><wx w="635"/><wx w="718"/><wx w="666"/><wx w="656"/><wx w="666"/><wx w="541"/><wx w="677"/><wx w="666"/><wx w="923"/><wx w="604"/><wx w="718"/><wx w="718"/><wx w="582"/><wx w="656"/><wx w="833"/><wx w="722"/><wx w="777"/><wx w="718"/><wx w="666"/><wx w="722"/><wx w="610"/><wx w="635"/><wx w="760"/><wx w="666"/><wx w="739"/><wx w="666"/><wx w="916"/><wx w="937"/><wx w="791"/><wx w="885"/><wx w="656"/><wx w="718"/><wx w="1010"/><wx w="722"/><wx w="556"/><wx w="572"/><wx w="531"/><wx w="364"/><wx w="583"/><wx w="556"/><wx w="668"/><wx w="458"/><wx w="558"/><wx w="558"/><wx w="437"/><wx w="583"/><wx w="687"/><wx w="552"/><wx w="556"/><wx w="541"/><wx w="556"/><wx w="500"/><wx w="458"/><wx w="500"/><wx w="822"/><wx w="500"/><wx w="572"/><wx w="520"/><wx w="802"/><wx w="822"/><wx w="625"/><wx w="718"/><wx w="520"/><wx w="510"/><wx w="750"/><wx w="541"/><wx w="556"/><wx w="556"/><wx w="364"/><wx w="510"/><wx w="500"/><wx w="222"/><wx w="277"/><wx w="222"/><wx w="906"/><wx w="812"/><wx w="556"/><wx w="437"/><wx w="500"/><wx w="552"/><wx w="488"/><wx w="411"/><wx w="1000"/><wx w="1072"/><wx w="689"/><wx w="333"/><wx w="333"/><wx w="333"/><wx w="333"/><wx w="333"/><wx w="333"/><wx w="333"/><wx w="333"/><wx w="333"/><wx w="333"/><wx w="333"/><wx w="333"/><wx w="333"/><wx w="382"/><wx w="333"/><wx w="274"/><wx w="333"/><wx w="333"/><wx w="277"/><wx w="562"/><wx w="541"/><wx w="398"/><wx w="508"/><wx w="602"/><wx w="246"/><wx w="382"/><wx w="598"/><wx w="589"/><wx w="246"/><wx w="509"/><wx w="460"/><wx w="462"/><wx w="598"/><wx w="601"/><wx w="246"/><wx w="352"/><wx w="574"/><wx w="529"/><wx w="566"/><wx w="546"/><wx w="461"/><wx w="478"/><wx w="549"/><wx w="509"/><wx w="694"/><wx w="642"/><wx w="493"/><wx w="493"/><wx w="493"/><wx w="235"/><wx w="416"/><wx w="815"/><wx w="246"/><wx w="509"/><wx w="509"/><wx w="462"/><wx w="462"/><wx w="535"/><wx w="694"/><wx w="694"/><wx w="694"/><wx w="694"/><wx w="562"/><wx w="562"/><wx w="562"/><wx w="541"/><wx w="398"/><wx w="508"/><wx w="602"/><wx w="286"/><wx w="411"/><wx w="589"/><wx w="286"/><wx w="509"/><wx w="460"/><wx w="462"/><wx w="601"/><wx w="352"/><wx w="574"/><wx w="566"/><wx w="546"/><wx w="478"/><wx w="549"/><wx w="509"/><wx w="694"/><wx w="642"/><wx w="246"/><wx w="541"/><wx w="460"/><wx w="546"/><wx w="575"/><wx w="0"/><wx w="0"/><wx w="0"/><wx w="0"/><wx w="318"/><wx w="318"/><wx w="356"/><wx w="412"/><wx w="207"/><wx w="201"/><wx w="236"/><wx w="201"/><wx w="201"/><wx w="209"/><wx w="201"/><wx w="211"/><wx w="164"/><wx w="525"/><wx w="525"/><wx w="525"/><wx w="525"/><wx w="525"/><wx w="525"/><wx w="525"/><wx w="525"/><wx w="525"/><wx w="525"/><wx w="525"/><wx w="318"/><wx w="525"/><wx w="750"/><wx w="750"/><wx w="282"/><wx w="750"/><wx w="525"/><wx w="525"/><wx w="525"/><wx w="750"/><wx w="750"/><wx w="750"/><wx w="750"/><wx w="750"/><wx w="211"/><wx w="750"/><wx w="750"/><wx w="750"/><wx w="750"/><wx w="750"/><wx w="750"/><wx w="750"/><wx w="750"/><wx w="638"/><wx w="750"/><wx w="750"/><wx w="750"/><wx w="713"/><wx w="713"/><wx w="244"/><wx w="244"/><wx w="750"/><wx w="750"/><wx w="750"/><wx w="750"/><wx w="562"/><wx w="525"/><wx w="529"/><wx w="529"/><wx w="488"/><wx w="488"/><wx w="812"/><wx w="932"/><wx w="394"/><wx w="514"/><wx w="812"/><wx w="932"/><wx w="394"/><wx w="514"/><wx w="638"/><wx w="588"/><wx w="750"/><wx w="750"/><wx w="750"/><wx w="750"/><wx w="750"/><wx w="750"/><wx w="750"/><wx w="750"/><wx w="750"/><wx w="750"/><wx w="750"/><wx w="750"/><wx w="750"/><wx w="750"/><wx w="750"/><wx w="750"/><wx w="226"/><wx w="211"/><wx w="211"/><wx w="211"/><wx w="211"/><wx w="750"/><wx w="750"/><wx w="0"/><wx w="0"/><wx w="0"/><wx w="0"/><wx w="0"/><wx w="0"/><wx w="0"/><wx w="0"/><wx w="0"/><wx w="0"/><wx w="0"/><wx w="0"/><wx w="0"/><wx w="0"/><wx w="0"/><wx w="0"/><wx w="556"/><wx w="1000"/><wx w="750"/><wx w="750"/><wx w="750"/><wx w="750"/><wx w="750"/><wx w="750"/><wx w="750"/><wx w="750"/><wx w="750"/><wx w="750"/><wx w="750"/><wx w="750"/><wx w="750"/><wx w="750"/><wx w="750"/><wx w="750"/><wx w="750"/><wx w="750"/><wx w="750"/><wx w="750"/><wx w="750"/><wx w="750"/><wx w="750"/><wx w="750"/><wx w="750"/><wx w="750"/><wx w="750"/><wx w="750"/><wx w="318"/><wx w="318"/><wx w="750"/><wx w="616"/><wx w="412"/><wx w="207"/><wx w="229"/><wx w="207"/><wx w="229"/><wx w="432"/><wx w="432"/><wx w="207"/><wx w="229"/><wx w="638"/><wx w="588"/><wx w="244"/><wx w="244"/><wx w="207"/><wx w="229"/><wx w="713"/><wx w="713"/><wx w="244"/><wx w="244"/><wx w="282"/><wx w="375"/><wx w="713"/><wx w="713"/><wx w="244"/><wx w="244"/><wx w="713"/><wx w="713"/><wx w="244"/><wx w="244"/><wx w="562"/><wx w="525"/><wx w="529"/><wx w="529"/><wx w="562"/><wx w="525"/><wx w="529"/><wx w="529"/><wx w="562"/><wx w="525"/><wx w="529"/><wx w="529"/><wx w="337"/><wx w="337"/><wx w="337"/><wx w="337"/><wx w="488"/><wx w="488"/><wx w="488"/><wx w="488"/><wx w="821"/><wx w="821"/><wx w="530"/><wx w="530"/><wx w="821"/><wx w="821"/><wx w="530"/><wx w="530"/><wx w="1098"/><wx w="1098"/><wx w="846"/><wx w="846"/><wx w="1098"/><wx w="1098"/><wx w="846"/><wx w="846"/><wx w="581"/><wx w="581"/><wx w="581"/><wx w="581"/><wx w="581"/><wx w="581"/><wx w="581"/><wx w="581"/><wx w="543"/><wx w="450"/><wx w="525"/><wx w="394"/><wx w="543"/><wx w="450"/><wx w="525"/><wx w="394"/><wx w="788"/><wx w="788"/><wx w="267"/><wx w="262"/><wx w="581"/><wx w="581"/><wx w="267"/><wx w="262"/><wx w="601"/><wx w="601"/><wx w="394"/><wx w="394"/><wx w="506"/><wx w="506"/><wx w="207"/><wx w="207"/><wx w="337"/><wx w="337"/><wx w="394"/><wx w="394"/><wx w="525"/><wx w="525"/><wx w="244"/><wx w="244"/><wx w="282"/><wx w="375"/><wx w="450"/><wx w="394"/><wx w="432"/><wx w="432"/><wx w="638"/><wx w="588"/><wx w="638"/><wx w="588"/><wx w="244"/><wx w="244"/><wx w="543"/><wx w="600"/><wx w="543"/><wx w="600"/><wx w="543"/><wx w="600"/><wx w="543"/><wx w="600"/><wx w="750"/><wx w="750"/><wx w="201"/><wx w="201"/><wx w="750"/><wx w="750"/><wx w="750"/><wx w="164"/><wx w="211"/><wx w="750"/><wx w="750"/><wx w="209"/><wx w="236"/><wx w="750"/><wx w="750"/><wx w="750"/><wx w="211"/><wx w="211"/><wx w="211"/><wx w="211"/><wx w="211"/><wx w="226"/><wx w="750"/><wx w="201"/><wx w="201"/><wx w="750"/><wx w="750"/><wx w="750"/><wx w="750"/><wx w="750"/><wx w="750"/><wx w="750"/><wx w="750"/><wx w="750"/><wx w="750"/><wx w="750"/><wx w="750"/><wx w="750"/><wx w="750"/><wx w="750"/><wx w="750"/><wx w="750"/><wx w="750"/><wx w="750"/><wx w="750"/><wx w="750"/><wx w="750"/><wx w="750"/><wx w="750"/><wx w="750"/><wx w="750"/><wx w="750"/><wx w="750"/><wx w="750"/><wx w="750"/><wx w="750"/><wx w="750"/><wx w="750"/><wx w="750"/><wx w="750"/><wx w="750"/><wx w="750"/><wx w="750"/><wx w="750"/><wx w="750"/><wx w="750"/><wx w="750"/><wx w="750"/><wx w="750"/><wx w="750"/><wx w="750"/><wx w="750"/><wx w="750"/><wx w="750"/><wx w="750"/><wx w="750"/><wx w="750"/><wx w="750"/><wx w="750"/><wx w="318"/><wx w="318"/><wx w="318"/><wx w="750"/><wx w="750"/><wx w="750"/><wx w="750"/><wx w="750"/><wx w="750"/><wx w="750"/><wx w="750"/><wx w="750"/><wx w="750"/><wx w="750"/><wx w="750"/><wx w="750"/><wx w="750"/><wx w="750"/><wx w="750"/><wx w="750"/><wx w="750"/><wx w="750"/><wx w="750"/><wx w="750"/><wx w="750"/><wx w="750"/><wx w="750"/><wx w="125"/><wx w="1000"/><wx w="2000"/><wx w="857"/><wx w="655"/><wx w="854"/><wx w="669"/><wx w="0"/><wx w="0"/><wx w="0"/><wx w="0"/><wx w="0"/><wx w="0"/><wx w="0"/><wx w="0"/><wx w="0"/><wx w="0"/><wx w="0"/><wx w="0"/><wx w="0"/><wx w="0"/><wx w="0"/><wx w="0"/><wx w="513"/><wx w="833"/><wx w="833"/><wx w="0"/><wx w="0"/><wx w="0"/><wx w="0"/><wx w="0"/><wx w="0"/><wx w="0"/><wx w="0"/><wx w="0"/><wx w="0"/><wx w="0"/><wx w="0"/><wx w="0"/><wx w="0"/><wx w="0"/><wx w="0"/><wx w="0"/><wx w="0"/><wx w="0"/><wx w="0"/><wx w="0"/><wx w="0"/><wx w="0"/><wx w="0"/><wx w="0"/><wx w="0"/><wx w="0"/><wx w="0"/><wx w="0"/><wx w="0"/><wx w="0"/><wx w="0"/><wx w="0"/><wx w="0"/><wx w="222"/><wx w="666"/><wx w="556"/><wx w="666"/><wx w="556"/><wx w="666"/><wx w="556"/><wx w="666"/><wx w="556"/><wx w="666"/><wx w="556"/><wx w="666"/><wx w="556"/><wx w="666"/><wx w="556"/><wx w="666"/><wx w="556"/><wx w="666"/><wx w="556"/><wx w="666"/><wx w="556"/><wx w="666"/><wx w="556"/><wx w="666"/><wx w="556"/><wx w="666"/><wx w="556"/><wx w="666"/><wx w="556"/><wx w="666"/><wx w="556"/><wx w="666"/><wx w="556"/><wx w="666"/><wx w="556"/><wx w="666"/><wx w="556"/><wx w="666"/><wx w="556"/><wx w="666"/><wx w="556"/><wx w="277"/><wx w="222"/><wx w="277"/><wx w="222"/><wx w="777"/><wx w="556"/><wx w="777"/><wx w="556"/><wx w="777"/><wx w="556"/><wx w="777"/><wx w="556"/><wx w="777"/><wx w="556"/><wx w="777"/><wx w="556"/><wx w="777"/><wx w="556"/><wx w="857"/><wx w="655"/><wx w="857"/><wx w="655"/><wx w="857"/><wx w="655"/><wx w="857"/><wx w="655"/><wx w="857"/><wx w="655"/><wx w="722"/><wx w="556"/><wx w="722"/><wx w="556"/><wx w="854"/><wx w="669"/><wx w="854"/><wx w="669"/><wx w="854"/><wx w="669"/><wx w="854"/><wx w="669"/><wx w="854"/><wx w="669"/><wx w="666"/><wx w="500"/><wx w="666"/><wx w="500"/><wx w="666"/><wx w="500"/><wx w="666"/><wx w="556"/><wx w="277"/><wx w="222"/><wx w="777"/><wx w="556"/><wx w="722"/><wx w="556"/><wx w="722"/><wx w="556"/><wx w="722"/><wx w="556"/><wx w="722"/><wx w="556"/><wx w="722"/><wx w="556"/><wx w="0"/><wx w="0"/><wx w="0"/><wx w="0"/><wx w="541"/><wx w="364"/><wx w="923"/><wx w="668"/><wx w="582"/><wx w="437"/><wx w="582"/><wx w="437"/><wx w="722"/><wx w="552"/><wx w="556"/><wx w="500"/><wx w="556"/><wx w="500"/><wx w="666"/><wx w="500"/><wx w="666"/><wx w="520"/><wx w="666"/><wx w="556"/><wx w="752"/><wx w="556"/><wx w="777"/><wx w="556"/><wx w="713"/><wx w="244"/><wx w="267"/><wx w="262"/><wx w="581"/><wx w="244"/><wx w="244"/><wx w="244"/><wx w="244"/><wx w="244"/><wx w="244"/><wx w="269"/><wx w="207"/><wx w="207"/><wx w="333"/><wx w="333"/><wx w="207"/><wx w="207"/><wx w="207"/><wx w="0"/><wx w="207"/><wx w="229"/><wx w="207"/><wx w="229"/><wx w="207"/><wx w="229"/><wx w="207"/><wx w="229"/><wx w="432"/><wx w="432"/><wx w="432"/><wx w="432"/><wx w="638"/><wx w="588"/><wx w="713"/><wx w="713"/><wx w="244"/><wx w="244"/><wx w="713"/><wx w="713"/><wx w="244"/><wx w="244"/><wx w="713"/><wx w="713"/><wx w="244"/><wx w="244"/><wx w="713"/><wx w="713"/><wx w="244"/><wx w="244"/><wx w="713"/><wx w="713"/><wx w="244"/><wx w="244"/><wx w="713"/><wx w="713"/><wx w="244"/><wx w="244"/><wx w="713"/><wx w="713"/><wx w="244"/><wx w="244"/><wx w="562"/><wx w="525"/><wx w="529"/><wx w="529"/><wx w="562"/><wx w="525"/><wx w="529"/><wx w="529"/><wx w="562"/><wx w="525"/><wx w="529"/><wx w="529"/><wx w="562"/><wx w="525"/><wx w="529"/><wx w="529"/><wx w="562"/><wx w="525"/><wx w="529"/><wx w="529"/><wx w="562"/><wx w="525"/><wx w="529"/><wx w="529"/><wx w="337"/><wx w="337"/><wx w="337"/><wx w="337"/><wx w="337"/><wx w="337"/><wx w="337"/><wx w="337"/><wx w="337"/><wx w="337"/><wx w="337"/><wx w="337"/><wx w="337"/><wx w="337"/><wx w="337"/><wx w="337"/><wx w="337"/><wx w="337"/><wx w="488"/><wx w="488"/><wx w="488"/><wx w="488"/><wx w="488"/><wx w="488"/><wx w="488"/><wx w="488"/><wx w="488"/><wx w="488"/><wx w="488"/><wx w="488"/><wx w="488"/><wx w="488"/><wx w="488"/><wx w="488"/><wx w="821"/><wx w="821"/><wx w="530"/><wx w="530"/><wx w="821"/><wx w="821"/><wx w="530"/><wx w="530"/><wx w="821"/><wx w="821"/><wx w="530"/><wx w="530"/><wx w="1098"/><wx w="1098"/><wx w="846"/><wx w="846"/><wx w="1098"/><wx w="1098"/><wx w="846"/><wx w="846"/><wx w="581"/><wx w="581"/><wx w="543"/><wx w="450"/><wx w="525"/><wx w="394"/><wx w="788"/><wx w="788"/><wx w="788"/><wx w="267"/><wx w="262"/><wx w="788"/><wx w="788"/><wx w="267"/><wx w="262"/><wx w="788"/><wx w="788"/><wx w="267"/><wx w="262"/><wx w="788"/><wx w="788"/><wx w="267"/><wx w="262"/><wx w="788"/><wx w="788"/><wx w="267"/><wx w="262"/><wx w="581"/><wx w="581"/><wx w="581"/><wx w="581"/><wx w="812"/><wx w="932"/><wx w="394"/><wx w="514"/><wx w="812"/><wx w="932"/><wx w="394"/><wx w="514"/><wx w="601"/><wx w="601"/><wx w="394"/><wx w="394"/><wx w="601"/><wx w="601"/><wx w="394"/><wx w="394"/><wx w="601"/><wx w="601"/><wx w="394"/><wx w="394"/><wx w="812"/><wx w="932"/><wx w="394"/><wx w="514"/><wx w="812"/><wx w="932"/><wx w="394"/><wx w="514"/><wx w="812"/><wx w="932"/><wx w="394"/><wx w="514"/><wx w="812"/><wx w="932"/><wx w="394"/><wx w="514"/><wx w="812"/><wx w="932"/><wx w="394"/><wx w="514"/><wx w="506"/><wx w="506"/><wx w="207"/><wx w="207"/><wx w="506"/><wx w="506"/><wx w="207"/><wx w="207"/><wx w="506"/><wx w="506"/><wx w="207"/><wx w="207"/><wx w="506"/><wx w="506"/><wx w="207"/><wx w="207"/><wx w="525"/><wx w="525"/><wx w="244"/><wx w="244"/><wx w="525"/><wx w="525"/><wx w="525"/><wx w="525"/><wx w="525"/><wx w="525"/><wx w="244"/><wx w="244"/><wx w="525"/><wx w="525"/><wx w="562"/><wx w="525"/><wx w="529"/><wx w="529"/><wx w="282"/><wx w="375"/><wx w="387"/><wx w="387"/><wx w="387"/><wx w="432"/><wx w="432"/><wx w="432"/><wx w="432"/><wx w="432"/><wx w="432"/><wx w="432"/><wx w="432"/><wx w="432"/><wx w="432"/><wx w="432"/><wx w="432"/><wx w="432"/><wx w="432"/><wx w="432"/><wx w="432"/><wx w="638"/><wx w="588"/><wx w="638"/><wx w="588"/><wx w="244"/><wx w="244"/><wx w="432"/><wx w="432"/><wx w="638"/><wx w="588"/><wx w="244"/><wx w="244"/><wx w="638"/><wx w="588"/><wx w="812"/><wx w="812"/><wx w="812"/><wx w="812"/><wx w="207"/><wx w="0"/><wx w="0"/><wx w="0"/><wx w="0"/><wx w="0"/><wx w="0"/><wx w="0"/><wx w="1123"/><wx w="1084"/><wx w="0"/><wx w="0"/><wx w="0"/><wx w="0"/><wx w="0"/><wx w="0"/><wx w="193"/><wx w="370"/><wx w="0"/><wx w="0"/><wx w="600"/><wx w="0"/><wx w="0"/><wx w="0"/><wx w="821"/><wx w="821"/><wx w="530"/><wx w="530"/><wx w="1098"/><wx w="1098"/><wx w="846"/><wx w="846"/><wx w="543"/><wx w="450"/><wx w="525"/><wx w="394"/><wx w="412"/><wx w="337"/><wx w="282"/><wx w="244"/><wx w="320"/><wx w="244"/><wx w="244"/><wx w="244"/><wx w="244"/><wx w="244"/><wx w="812"/><wx w="932"/><wx w="246"/><wx w="0"/><wx w="341"/><wx w="493"/><wx w="543"/><wx w="600"/><wx w="543"/><wx w="600"/><wx w="543"/><wx w="600"/><wx w="543"/><wx w="600"/><wx w="543"/><wx w="600"/><wx w="543"/><wx w="600"/><wx w="543"/><wx w="600"/><wx w="525"/><wx w="525"/><wx w="543"/><wx w="600"/></cid-widths></multibyte-extras><kerning kpx1="543"><pair kpx2="543" kern="-26"/><pair kpx2="528" kern="-26"/><pair kpx2="305" kern="-26"/><pair kpx2="302" kern="-26"/><pair kpx2="546" kern="-26"/><pair kpx2="307" kern="-26"/><pair kpx2="544" kern="-26"/><pair kpx2="553" kern="-26"/><pair kpx2="535" kern="-26"/><pair kpx2="303" kern="-26"/></kerning><kerning kpx1="607"><pair kpx2="620" kern="-33"/><pair kpx2="603" kern="-11"/><pair kpx2="625" kern="-33"/><pair kpx2="613" kern="-33"/><pair kpx2="623" kern="-21"/><pair kpx2="606" kern="-21"/><pair kpx2="608" kern="-11"/><pair kpx2="621" kern="-11"/><pair kpx2="609" kern="-21"/></kerning><kerning kpx1="652"><pair kpx2="528" kern="-14"/><pair kpx2="305" kern="-14"/><pair kpx2="302" kern="-14"/><pair kpx2="546" kern="-14"/><pair kpx2="307" kern="-14"/><pair kpx2="544" kern="-14"/><pair kpx2="535" kern="-14"/><pair kpx2="550" kern="-14"/><pair kpx2="555" kern="-14"/></kerning><kerning kpx1="571"><pair kpx2="601" kern="-11"/><pair kpx2="596" kern="-33"/><pair kpx2="590" kern="-11"/><pair kpx2="593" kern="-44"/><pair kpx2="588" kern="-44"/><pair kpx2="613" kern="-11"/><pair kpx2="591" kern="-21"/><pair kpx2="589" kern="-22"/><pair kpx2="587" kern="-11"/><pair kpx2="570" kern="-21"/><pair kpx2="621" kern="-21"/><pair kpx2="599" kern="-11"/><pair kpx2="584" kern="-11"/><pair kpx2="577" kern="-11"/></kerning><kerning kpx1="544"><pair kpx2="652" kern="-14"/><pair kpx2="548" kern="-26"/><pair kpx2="306" kern="-14"/><pair kpx2="540" kern="-19"/></kerning><kerning kpx1="502"><pair kpx2="305" kern="-90"/><pair kpx2="300" kern="-56"/><pair kpx2="536" kern="-74"/><pair kpx2="517" kern="-56"/><pair kpx2="539" kern="-74"/><pair kpx2="544" kern="-90"/><pair kpx2="525" kern="-47"/><pair kpx2="553" kern="-90"/><pair kpx2="531" kern="-37"/><pair kpx2="505" kern="-74"/><pair kpx2="513" kern="-74"/><pair kpx2="530" kern="-74"/><pair kpx2="541" kern="-74"/><pair kpx2="551" kern="47"/><pair kpx2="302" kern="-90"/><pair kpx2="307" kern="-90"/><pair kpx2="507" kern="-74"/><pair kpx2="504" kern="83"/><pair kpx2="301" kern="-56"/><pair kpx2="538" kern="-37"/></kerning><kerning kpx1="576"><pair kpx2="607" kern="-12"/><pair kpx2="596" kern="21"/><pair kpx2="588" kern="11"/><pair kpx2="602" kern="11"/><pair kpx2="589" kern="21"/><pair kpx2="587" kern="-11"/><pair kpx2="621" kern="-11"/><pair kpx2="616" kern="-11"/><pair kpx2="584" kern="-21"/><pair kpx2="577" kern="-11"/></kerning><kerning kpx1="608"><pair kpx2="603" kern="11"/><pair kpx2="625" kern="-11"/><pair kpx2="621" kern="11"/><pair kpx2="628" kern="21"/></kerning><kerning kpx1="598"><pair kpx2="601" kern="-44"/><pair kpx2="593" kern="-78"/><pair kpx2="588" kern="-100"/><pair kpx2="581" kern="-34"/><pair kpx2="576" kern="-33"/><pair kpx2="182" kern="-78"/><pair kpx2="591" kern="-44"/><pair kpx2="574" kern="-21"/><pair kpx2="587" kern="-21"/><pair kpx2="570" kern="-21"/><pair kpx2="599" kern="-11"/><pair kpx2="582" kern="-21"/><pair kpx2="584" kern="-21"/><pair kpx2="577" kern="-11"/></kerning><kerning kpx1="85"><pair kpx2="17" kern="-55"/><pair kpx2="15" kern="-55"/><pair kpx2="182" kern="37"/></kerning><kerning kpx1="60"><pair kpx2="83" kern="-74"/><pair kpx2="17" kern="-128"/><pair kpx2="68" kern="-74"/><pair kpx2="15" kern="-128"/><pair kpx2="36" kern="-74"/><pair kpx2="30" kern="-64"/><pair kpx2="82" kern="-91"/><pair kpx2="72" kern="-91"/><pair kpx2="89" kern="-55"/><pair kpx2="16" kern="-91"/><pair kpx2="84" kern="-91"/><pair kpx2="29" kern="-55"/><pair kpx2="3" kern="-18"/><pair kpx2="76" kern="-37"/><pair kpx2="88" kern="-55"/></kerning><kerning kpx1="501"><pair kpx2="522" kern="-32"/></kerning><kerning kpx1="575"><pair kpx2="619" kern="-11"/><pair kpx2="577" kern="-21"/></kerning><kerning kpx1="603"><pair kpx2="633" kern="-21"/><pair kpx2="607" kern="-11"/><pair kpx2="622" kern="-11"/><pair kpx2="625" kern="-33"/><pair kpx2="613" kern="-44"/><pair kpx2="602" kern="-22"/><pair kpx2="623" kern="-33"/><pair kpx2="606" kern="-44"/><pair kpx2="619" kern="-11"/><pair kpx2="608" kern="-11"/><pair kpx2="631" kern="-11"/><pair kpx2="621" kern="-21"/><pair kpx2="609" kern="-21"/><pair kpx2="614" kern="-21"/><pair kpx2="628" kern="-33"/></kerning><kerning kpx1="58"><pair kpx2="17" kern="-55"/><pair kpx2="68" kern="-37"/><pair kpx2="15" kern="-55"/><pair kpx2="36" kern="-37"/><pair kpx2="30" kern="-18"/><pair kpx2="82" kern="-18"/><pair kpx2="92" kern="-8"/><pair kpx2="85" kern="-18"/><pair kpx2="72" kern="-18"/><pair kpx2="16" kern="-18"/><pair kpx2="29" kern="-18"/><pair kpx2="88" kern="-18"/></kerning><kerning kpx1="3"><pair kpx2="513" kern="-55"/><pair kpx2="36" kern="-55"/><pair kpx2="522" kern="-18"/><pair kpx2="55" kern="-18"/><pair kpx2="497" kern="-55"/><pair kpx2="60" kern="-18"/><pair kpx2="527" kern="-18"/><pair kpx2="507" kern="-55"/><pair kpx2="521" kern="-18"/><pair kpx2="505" kern="-55"/></kerning><kerning kpx1="631"><pair kpx2="633" kern="-11"/><pair kpx2="607" kern="11"/><pair kpx2="620" kern="-21"/><pair kpx2="613" kern="-21"/><pair kpx2="623" kern="-11"/><pair kpx2="606" kern="-21"/><pair kpx2="609" kern="-11"/><pair kpx2="616" kern="11"/></kerning><kerning kpx1="540"><pair kpx2="543" kern="-15"/><pair kpx2="528" kern="-15"/><pair kpx2="305" kern="-15"/><pair kpx2="554" kern="-23"/><pair kpx2="547" kern="-23"/><pair kpx2="302" kern="-15"/><pair kpx2="546" kern="-22"/><pair kpx2="307" kern="-18"/><pair kpx2="544" kern="-15"/><pair kpx2="553" kern="-15"/><pair kpx2="550" kern="-15"/><pair kpx2="303" kern="-15"/><pair kpx2="555" kern="-15"/></kerning><kerning kpx1="181"><pair kpx2="181" kern="-18"/></kerning><kerning kpx1="572"><pair kpx2="596" kern="-56"/><pair kpx2="620" kern="-33"/><pair kpx2="588" kern="-66"/><pair kpx2="581" kern="-11"/><pair kpx2="576" kern="-21"/><pair kpx2="589" kern="-33"/><pair kpx2="621" kern="-11"/><pair kpx2="577" kern="-33"/><pair kpx2="584" kern="-33"/><pair kpx2="601" kern="-33"/><pair kpx2="633" kern="-11"/><pair kpx2="590" kern="-33"/><pair kpx2="593" kern="-44"/><pair kpx2="625" kern="-33"/><pair kpx2="623" kern="-11"/><pair kpx2="574" kern="-21"/><pair kpx2="591" kern="-43"/><pair kpx2="606" kern="-11"/><pair kpx2="570" kern="-33"/><pair kpx2="587" kern="-33"/><pair kpx2="614" kern="-11"/></kerning><kerning kpx1="503"><pair kpx2="522" kern="-22"/><pair kpx2="527" kern="-22"/></kerning><kerning kpx1="605"><pair kpx2="17" kern="-122"/><pair kpx2="633" kern="-11"/><pair kpx2="607" kern="-21"/><pair kpx2="15" kern="-122"/><pair kpx2="613" kern="-21"/><pair kpx2="602" kern="-21"/><pair kpx2="606" kern="-44"/><pair kpx2="619" kern="-21"/><pair kpx2="609" kern="-11"/><pair kpx2="616" kern="-21"/></kerning><kerning kpx1="630"><pair kpx2="620" kern="-78"/><pair kpx2="625" kern="-66"/></kerning><kerning kpx1="57"><pair kpx2="17" kern="-91"/><pair kpx2="68" kern="-74"/><pair kpx2="15" kern="-91"/><pair kpx2="36" kern="-74"/><pair kpx2="30" kern="-37"/><pair kpx2="82" kern="-55"/><pair kpx2="92" kern="-37"/><pair kpx2="85" kern="-37"/><pair kpx2="72" kern="-55"/><pair kpx2="16" kern="-55"/><pair kpx2="29" kern="-37"/><pair kpx2="76" kern="-18"/><pair kpx2="88" kern="-37"/></kerning><kerning kpx1="565"><pair kpx2="182" kern="-66"/></kerning><kerning kpx1="632"><pair kpx2="620" kern="-21"/><pair kpx2="625" kern="-21"/><pair kpx2="613" kern="-21"/><pair kpx2="623" kern="-11"/><pair kpx2="606" kern="-21"/><pair kpx2="608" kern="-11"/><pair kpx2="614" kern="-11"/></kerning><kerning kpx1="517"><pair kpx2="513" kern="-18"/><pair kpx2="522" kern="-32"/><pair kpx2="527" kern="-32"/><pair kpx2="507" kern="-20"/><pair kpx2="505" kern="-18"/></kerning><kerning kpx1="627"><pair kpx2="607" kern="-11"/><pair kpx2="621" kern="11"/><pair kpx2="616" kern="-11"/></kerning><kerning kpx1="600"><pair kpx2="593" kern="-33"/><pair kpx2="588" kern="-56"/><pair kpx2="581" kern="-44"/><pair kpx2="613" kern="-44"/><pair kpx2="576" kern="-21"/><pair kpx2="591" kern="-44"/><pair kpx2="574" kern="-43"/><pair kpx2="606" kern="-44"/><pair kpx2="587" kern="-11"/><pair kpx2="570" kern="-33"/><pair kpx2="614" kern="-11"/><pair kpx2="584" kern="-11"/></kerning><kerning kpx1="580"><pair kpx2="590" kern="-34"/><pair kpx2="589" kern="11"/><pair kpx2="587" kern="-11"/><pair kpx2="584" kern="-11"/><pair kpx2="577" kern="-11"/></kerning><kerning kpx1="548"><pair kpx2="528" kern="-26"/><pair kpx2="305" kern="-26"/><pair kpx2="302" kern="-26"/><pair kpx2="546" kern="-26"/><pair kpx2="307" kern="-26"/><pair kpx2="544" kern="-26"/><pair kpx2="553" kern="-26"/><pair kpx2="535" kern="-26"/><pair kpx2="550" kern="-26"/><pair kpx2="303" kern="-26"/><pair kpx2="555" kern="-26"/></kerning><kerning kpx1="599"><pair kpx2="601" kern="-21"/><pair kpx2="633" kern="-11"/><pair kpx2="581" kern="-33"/><pair kpx2="613" kern="-33"/><pair kpx2="576" kern="-12"/><pair kpx2="591" kern="-34"/><pair kpx2="574" kern="-33"/><pair kpx2="606" kern="-33"/><pair kpx2="608" kern="11"/><pair kpx2="614" kern="-11"/><pair kpx2="577" kern="-11"/></kerning><kerning kpx1="545"><pair kpx2="652" kern="-14"/><pair kpx2="306" kern="-14"/><pair kpx2="540" kern="-19"/></kerning><kerning kpx1="618"><pair kpx2="633" kern="-11"/><pair kpx2="620" kern="-21"/><pair kpx2="625" kern="-21"/><pair kpx2="613" kern="-34"/><pair kpx2="623" kern="-11"/><pair kpx2="606" kern="-22"/><pair kpx2="621" kern="-11"/><pair kpx2="609" kern="-11"/></kerning><kerning kpx1="537"><pair kpx2="540" kern="-19"/></kerning><kerning kpx1="53"><pair kpx2="58" kern="-18"/><pair kpx2="55" kern="-18"/><pair kpx2="60" kern="-18"/><pair kpx2="57" kern="-18"/></kerning><kerning kpx1="606"><pair kpx2="631" kern="11"/><pair kpx2="628" kern="-21"/></kerning><kerning kpx1="196"><pair kpx2="596" kern="-33"/><pair kpx2="593" kern="-33"/><pair kpx2="588" kern="-78"/><pair kpx2="566" kern="-78"/><pair kpx2="557" kern="-78"/></kerning><kerning kpx1="570"><pair kpx2="620" kern="-21"/><pair kpx2="588" kern="-78"/><pair kpx2="581" kern="21"/><pair kpx2="182" kern="-56"/><pair kpx2="585" kern="-11"/><pair kpx2="589" kern="-43"/><pair kpx2="621" kern="-11"/><pair kpx2="631" kern="21"/><pair kpx2="599" kern="-21"/><pair kpx2="577" kern="-11"/><pair kpx2="584" kern="-21"/><pair kpx2="622" kern="11"/><pair kpx2="590" kern="-33"/><pair kpx2="593" kern="-78"/><pair kpx2="602" kern="11"/><pair kpx2="574" kern="33"/><pair kpx2="587" kern="-21"/></kerning><kerning kpx1="36"><pair kpx2="90" kern="-18"/><pair kpx2="58" kern="-37"/><pair kpx2="92" kern="-18"/><pair kpx2="55" kern="-74"/><pair kpx2="60" kern="-74"/><pair kpx2="182" kern="-74"/><pair kpx2="89" kern="-18"/><pair kpx2="57" kern="-74"/><pair kpx2="3" kern="-55"/></kerning><kerning kpx1="55"><pair kpx2="90" kern="-55"/><pair kpx2="15" kern="-110"/><pair kpx2="68" kern="-110"/><pair kpx2="30" kern="-110"/><pair kpx2="36" kern="-74"/><pair kpx2="82" kern="-110"/><pair kpx2="72" kern="-110"/><pair kpx2="16" kern="-55"/><pair kpx2="50" kern="-18"/><pair kpx2="3" kern="-18"/><pair kpx2="76" kern="-37"/><pair kpx2="86" kern="-110"/><pair kpx2="17" kern="-110"/><pair kpx2="92" kern="-55"/><pair kpx2="70" kern="-110"/><pair kpx2="85" kern="-37"/><pair kpx2="29" kern="-110"/><pair kpx2="88" kern="-37"/></kerning><kerning kpx1="539"><pair kpx2="543" kern="-12"/><pair kpx2="528" kern="-12"/><pair kpx2="305" kern="-12"/><pair kpx2="537" kern="-12"/><pair kpx2="302" kern="-12"/><pair kpx2="546" kern="-12"/><pair kpx2="307" kern="-12"/><pair kpx2="544" kern="-12"/><pair kpx2="553" kern="-12"/><pair kpx2="535" kern="-12"/><pair kpx2="550" kern="-12"/><pair kpx2="303" kern="-12"/><pair kpx2="555" kern="-12"/></kerning><kerning kpx1="577"><pair kpx2="601" kern="-11"/><pair kpx2="590" kern="-11"/><pair kpx2="593" kern="-21"/><pair kpx2="588" kern="-21"/><pair kpx2="581" kern="-11"/><pair kpx2="589" kern="-11"/><pair kpx2="587" kern="-11"/><pair kpx2="584" kern="-11"/></kerning><kerning kpx1="558"><pair kpx2="17" kern="-122"/><pair kpx2="178" kern="-21"/><pair kpx2="15" kern="-122"/><pair kpx2="169" kern="-66"/><pair kpx2="170" kern="-66"/></kerning><kerning kpx1="586"><pair kpx2="607" kern="-43"/><pair kpx2="15" kern="-188"/><pair kpx2="30" kern="-21"/><pair kpx2="588" kern="-44"/><pair kpx2="581" kern="-56"/><pair kpx2="576" kern="-11"/><pair kpx2="589" kern="-21"/><pair kpx2="631" kern="-21"/><pair kpx2="616" kern="-43"/><pair kpx2="577" kern="-21"/><pair kpx2="584" kern="-21"/><pair kpx2="601" kern="-21"/><pair kpx2="17" kern="-188"/><pair kpx2="633" kern="-33"/><pair kpx2="590" kern="-11"/><pair kpx2="602" kern="-33"/><pair kpx2="574" kern="-66"/><pair kpx2="591" kern="-44"/><pair kpx2="606" kern="-78"/><pair kpx2="29" kern="-21"/><pair kpx2="570" kern="-66"/><pair kpx2="587" kern="-11"/><pair kpx2="170" kern="-56"/><pair kpx2="582" kern="-11"/></kerning><kerning kpx1="527"><pair kpx2="305" kern="-90"/><pair kpx2="300" kern="-56"/><pair kpx2="536" kern="-74"/><pair kpx2="517" kern="-56"/><pair kpx2="539" kern="-74"/><pair kpx2="544" kern="-90"/><pair kpx2="525" kern="-47"/><pair kpx2="553" kern="-90"/><pair kpx2="531" kern="-37"/><pair kpx2="3" kern="-18"/><pair kpx2="505" kern="-74"/><pair kpx2="513" kern="-74"/><pair kpx2="541" kern="-74"/><pair kpx2="530" kern="-74"/><pair kpx2="551" kern="47"/><pair kpx2="302" kern="-90"/><pair kpx2="307" kern="-90"/><pair kpx2="507" kern="-74"/><pair kpx2="504" kern="83"/><pair kpx2="301" kern="-56"/><pair kpx2="538" kern="-37"/></kerning><kerning kpx1="301"><pair kpx2="522" kern="-32"/><pair kpx2="527" kern="-32"/><pair kpx2="505" kern="-28"/></kerning><kerning kpx1="620"><pair kpx2="17" kern="-110"/><pair kpx2="607" kern="-11"/><pair kpx2="15" kern="-110"/><pair kpx2="613" kern="-21"/><pair kpx2="602" kern="-11"/><pair kpx2="606" kern="-33"/><pair kpx2="619" kern="-11"/><pair kpx2="608" kern="33"/><pair kpx2="621" kern="11"/><pair kpx2="616" kern="-11"/></kerning><kerning kpx1="588"><pair kpx2="607" kern="-56"/><pair kpx2="15" kern="-110"/><pair kpx2="632" kern="-43"/><pair kpx2="627" kern="-43"/><pair kpx2="581" kern="-21"/><pair kpx2="612" kern="-43"/><pair kpx2="576" kern="11"/><pair kpx2="617" kern="-43"/><pair kpx2="601" kern="-21"/><pair kpx2="618" kern="-56"/><pair kpx2="633" kern="-56"/><pair kpx2="590" kern="-33"/><pair kpx2="610" kern="-43"/><pair kpx2="169" kern="-43"/><pair kpx2="570" kern="-33"/><pair kpx2="619" kern="-56"/><pair kpx2="170" kern="-43"/><pair kpx2="178" kern="-21"/><pair kpx2="613" kern="-44"/><pair kpx2="621" kern="-56"/><pair kpx2="604" kern="-43"/><pair kpx2="616" kern="-78"/><pair kpx2="584" kern="-44"/><pair kpx2="577" kern="-11"/><pair kpx2="17" kern="-110"/><pair kpx2="630" kern="-43"/><pair kpx2="602" kern="-44"/><pair kpx2="623" kern="-43"/><pair kpx2="574" kern="-33"/><pair kpx2="614" kern="-43"/><pair kpx2="629" kern="-43"/></kerning><kerning kpx1="524"><pair kpx2="528" kern="-38"/><pair kpx2="305" kern="-38"/><pair kpx2="537" kern="-19"/><pair kpx2="302" kern="-38"/><pair kpx2="307" kern="-38"/><pair kpx2="544" kern="-38"/><pair kpx2="553" kern="-38"/><pair kpx2="550" kern="-38"/><pair kpx2="303" kern="-38"/><pair kpx2="555" kern="-38"/></kerning><kerning kpx1="581"><pair kpx2="603" kern="11"/><pair kpx2="590" kern="-11"/><pair kpx2="621" kern="11"/></kerning><kerning kpx1="497"><pair kpx2="300" kern="-20"/><pair kpx2="522" kern="-74"/><pair kpx2="517" kern="-20"/><pair kpx2="534" kern="-18"/><pair kpx2="527" kern="-74"/><pair kpx2="548" kern="-18"/><pair kpx2="542" kern="-18"/><pair kpx2="521" kern="-74"/><pair kpx2="301" kern="-28"/></kerning><kerning kpx1="525"><pair kpx2="522" kern="-22"/><pair kpx2="527" kern="-22"/></kerning><kerning kpx1="553"><pair kpx2="652" kern="-14"/><pair kpx2="548" kern="-26"/><pair kpx2="306" kern="-14"/><pair kpx2="540" kern="-19"/></kerning><kerning kpx1="299"><pair kpx2="513" kern="-91"/><pair kpx2="17" kern="-109"/><pair kpx2="15" kern="-109"/><pair kpx2="551" kern="42"/><pair kpx2="507" kern="-91"/><pair kpx2="505" kern="-91"/><pair kpx2="504" kern="80"/><pair kpx2="538" kern="-42"/></kerning><kerning kpx1="609"><pair kpx2="607" kern="-11"/><pair kpx2="622" kern="-11"/><pair kpx2="603" kern="-11"/><pair kpx2="625" kern="-33"/><pair kpx2="613" kern="-11"/><pair kpx2="606" kern="-21"/><pair kpx2="619" kern="-11"/><pair kpx2="621" kern="-11"/><pair kpx2="609" kern="-11"/><pair kpx2="616" kern="-11"/><pair kpx2="628" kern="-21"/></kerning><kerning kpx1="73"><pair kpx2="73" kern="-18"/><pair kpx2="182" kern="18"/></kerning><kerning kpx1="41"><pair kpx2="17" kern="-110"/><pair kpx2="15" kern="-110"/><pair kpx2="36" kern="-55"/></kerning><kerning kpx1="507"><pair kpx2="300" kern="-20"/><pair kpx2="522" kern="-74"/><pair kpx2="517" kern="-20"/><pair kpx2="527" kern="-74"/><pair kpx2="521" kern="-58"/><pair kpx2="3" kern="-55"/></kerning><kerning kpx1="587"><pair kpx2="596" kern="-34"/><pair kpx2="593" kern="-33"/><pair kpx2="625" kern="-11"/><pair kpx2="588" kern="-33"/><pair kpx2="581" kern="-33"/><pair kpx2="602" kern="11"/><pair kpx2="591" kern="-56"/><pair kpx2="574" kern="-21"/><pair kpx2="589" kern="-33"/><pair kpx2="608" kern="21"/><pair kpx2="570" kern="-21"/><pair kpx2="599" kern="-11"/><pair kpx2="582" kern="-11"/><pair kpx2="584" kern="-21"/><pair kpx2="577" kern="-11"/></kerning><kerning kpx1="619"><pair kpx2="625" kern="-11"/><pair kpx2="608" kern="11"/><pair kpx2="631" kern="11"/><pair kpx2="616" kern="11"/></kerning><kerning kpx1="582"><pair kpx2="607" kern="11"/><pair kpx2="590" kern="-11"/><pair kpx2="593" kern="-11"/><pair kpx2="625" kern="-11"/><pair kpx2="602" kern="11"/><pair kpx2="619" kern="11"/><pair kpx2="631" kern="11"/><pair kpx2="621" kern="11"/><pair kpx2="616" kern="11"/></kerning><kerning kpx1="555"><pair kpx2="652" kern="-14"/><pair kpx2="548" kern="-26"/><pair kpx2="306" kern="-14"/><pair kpx2="540" kern="-19"/></kerning><kerning kpx1="592"><pair kpx2="602" kern="21"/><pair kpx2="584" kern="-21"/></kerning><kerning kpx1="47"><pair kpx2="58" kern="-74"/><pair kpx2="92" kern="-37"/><pair kpx2="55" kern="-74"/><pair kpx2="60" kern="-74"/><pair kpx2="182" kern="-55"/><pair kpx2="57" kern="-74"/><pair kpx2="3" kern="-37"/></kerning><kerning kpx1="596"><pair kpx2="601" kern="-33"/><pair kpx2="182" kern="-66"/></kerning><kerning kpx1="300"><pair kpx2="513" kern="-18"/><pair kpx2="522" kern="-32"/><pair kpx2="527" kern="-32"/><pair kpx2="507" kern="-18"/><pair kpx2="505" kern="-18"/></kerning><kerning kpx1="613"><pair kpx2="625" kern="-21"/><pair kpx2="616" kern="11"/></kerning><kerning kpx1="648"><pair kpx2="17" kern="-122"/><pair kpx2="178" kern="-21"/><pair kpx2="15" kern="-122"/><pair kpx2="30" kern="-21"/><pair kpx2="169" kern="-78"/><pair kpx2="29" kern="-21"/><pair kpx2="170" kern="-78"/></kerning><kerning kpx1="520"><pair kpx2="652" kern="-47"/><pair kpx2="306" kern="-47"/></kerning><kerning kpx1="303"><pair kpx2="652" kern="-14"/><pair kpx2="548" kern="-26"/><pair kpx2="306" kern="-14"/><pair kpx2="540" kern="-19"/></kerning><kerning kpx1="616"><pair kpx2="620" kern="-21"/><pair kpx2="625" kern="-21"/><pair kpx2="613" kern="-21"/><pair kpx2="623" kern="-11"/><pair kpx2="606" kern="-21"/><pair kpx2="608" kern="-11"/><pair kpx2="621" kern="-11"/><pair kpx2="609" kern="-11"/></kerning><kerning kpx1="519"><pair kpx2="513" kern="-74"/><pair kpx2="17" kern="-127"/><pair kpx2="15" kern="-127"/><pair kpx2="507" kern="-74"/><pair kpx2="505" kern="-74"/><pair kpx2="3" kern="-18"/></kerning><kerning kpx1="591"><pair kpx2="590" kern="-33"/><pair kpx2="587" kern="-33"/><pair kpx2="621" kern="-21"/><pair kpx2="616" kern="-11"/><pair kpx2="599" kern="-34"/><pair kpx2="584" kern="-33"/><pair kpx2="577" kern="-21"/></kerning><kerning kpx1="550"><pair kpx2="652" kern="-14"/><pair kpx2="548" kern="-26"/><pair kpx2="306" kern="-14"/><pair kpx2="540" kern="-19"/></kerning><kerning kpx1="614"><pair kpx2="603" kern="-11"/><pair kpx2="621" kern="11"/><pair kpx2="609" kern="-11"/></kerning><kerning kpx1="51"><pair kpx2="17" kern="-128"/><pair kpx2="15" kern="-128"/><pair kpx2="36" kern="-74"/><pair kpx2="3" kern="-18"/></kerning><kerning kpx1="612"><pair kpx2="607" kern="11"/><pair kpx2="620" kern="11"/><pair kpx2="603" kern="21"/><pair kpx2="613" kern="11"/><pair kpx2="602" kern="21"/><pair kpx2="619" kern="11"/><pair kpx2="631" kern="11"/><pair kpx2="621" kern="11"/><pair kpx2="609" kern="11"/><pair kpx2="616" kern="11"/></kerning><kerning kpx1="182"><pair kpx2="182" kern="-18"/><pair kpx2="3" kern="-37"/><pair kpx2="86" kern="-18"/></kerning><kerning kpx1="589"><pair kpx2="15" kern="-132"/><pair kpx2="607" kern="-66"/><pair kpx2="30" kern="-21"/><pair kpx2="632" kern="-44"/><pair kpx2="627" kern="-44"/><pair kpx2="581" kern="-33"/><pair kpx2="612" kern="-44"/><pair kpx2="617" kern="-44"/><pair kpx2="608" kern="-33"/><pair kpx2="609" kern="-56"/><pair kpx2="599" kern="-21"/><pair kpx2="618" kern="-44"/><pair kpx2="601" kern="-21"/><pair kpx2="633" kern="-66"/><pair kpx2="590" kern="-33"/><pair kpx2="169" kern="-43"/><pair kpx2="610" kern="-44"/><pair kpx2="29" kern="-21"/><pair kpx2="606" kern="-78"/><pair kpx2="619" kern="-66"/><pair kpx2="570" kern="-66"/><pair kpx2="170" kern="-44"/><pair kpx2="624" kern="-44"/><pair kpx2="178" kern="-11"/><pair kpx2="603" kern="-21"/><pair kpx2="613" kern="-66"/><pair kpx2="626" kern="-44"/><pair kpx2="616" kern="-66"/><pair kpx2="604" kern="-56"/><pair kpx2="611" kern="-33"/><pair kpx2="584" kern="-33"/><pair kpx2="577" kern="-21"/><pair kpx2="17" kern="-132"/><pair kpx2="605" kern="-44"/><pair kpx2="615" kern="-44"/><pair kpx2="623" kern="-44"/><pair kpx2="574" kern="-44"/><pair kpx2="614" kern="-44"/></kerning><kerning kpx1="505"><pair kpx2="300" kern="-20"/><pair kpx2="522" kern="-74"/><pair kpx2="517" kern="-20"/><pair kpx2="534" kern="-18"/><pair kpx2="527" kern="-74"/><pair kpx2="182" kern="-74"/><pair kpx2="548" kern="-18"/><pair kpx2="542" kern="-18"/><pair kpx2="521" kern="-74"/><pair kpx2="3" kern="-55"/><pair kpx2="301" kern="-28"/></kerning><kerning kpx1="535"><pair kpx2="528" kern="-66"/><pair kpx2="305" kern="-66"/><pair kpx2="536" kern="-18"/><pair kpx2="652" kern="-41"/><pair kpx2="539" kern="-18"/><pair kpx2="544" kern="-66"/><pair kpx2="553" kern="-66"/><pair kpx2="306" kern="-41"/><pair kpx2="303" kern="-37"/><pair kpx2="530" kern="-18"/><pair kpx2="537" kern="-47"/><pair kpx2="302" kern="-66"/><pair kpx2="307" kern="-66"/><pair kpx2="534" kern="-41"/><pair kpx2="542" kern="-41"/><pair kpx2="538" kern="-18"/><pair kpx2="550" kern="-66"/><pair kpx2="555" kern="-66"/></kerning><kerning kpx1="590"><pair kpx2="601" kern="-34"/><pair kpx2="593" kern="-21"/><pair kpx2="588" kern="-56"/><pair kpx2="581" kern="-33"/><pair kpx2="613" kern="-33"/><pair kpx2="574" kern="-33"/><pair kpx2="589" kern="-44"/><pair kpx2="570" kern="-21"/></kerning><kerning kpx1="307"><pair kpx2="652" kern="-14"/><pair kpx2="548" kern="-26"/><pair kpx2="306" kern="-14"/><pair kpx2="540" kern="-19"/></kerning><kerning kpx1="646"><pair kpx2="17" kern="-100"/><pair kpx2="15" kern="-100"/></kerning><kerning kpx1="90"><pair kpx2="17" kern="-55"/><pair kpx2="15" kern="-55"/></kerning><kerning kpx1="624"><pair kpx2="607" kern="-11"/><pair kpx2="619" kern="-11"/><pair kpx2="609" kern="-11"/><pair kpx2="616" kern="-11"/></kerning><kerning kpx1="564"><pair kpx2="182" kern="-78"/></kerning><kerning kpx1="595"><pair kpx2="602" kern="11"/><pair kpx2="621" kern="21"/></kerning><kerning kpx1="521"><pair kpx2="15" kern="-109"/><pair kpx2="305" kern="-109"/><pair kpx2="30" kern="-109"/><pair kpx2="536" kern="-73"/><pair kpx2="517" kern="-18"/><pair kpx2="304" kern="-109"/><pair kpx2="544" kern="-109"/><pair kpx2="525" kern="-18"/><pair kpx2="553" kern="-109"/><pair kpx2="548" kern="-55"/><pair kpx2="505" kern="-74"/><pair kpx2="554" kern="-86"/><pair kpx2="547" kern="-85"/><pair kpx2="307" kern="-109"/><pair kpx2="529" kern="-109"/><pair kpx2="534" kern="-86"/><pair kpx2="507" kern="-74"/><pair kpx2="29" kern="-109"/><pair kpx2="542" kern="-55"/><pair kpx2="528" kern="-109"/><pair kpx2="532" kern="-86"/><pair kpx2="300" kern="-18"/><pair kpx2="549" kern="-73"/><pair kpx2="3" kern="-18"/><pair kpx2="552" kern="-86"/><pair kpx2="513" kern="-74"/><pair kpx2="17" kern="-109"/><pair kpx2="541" kern="-73"/><pair kpx2="551" kern="91"/><pair kpx2="302" kern="-109"/><pair kpx2="504" kern="91"/><pair kpx2="301" kern="-18"/><pair kpx2="538" kern="-37"/></kerning><kerning kpx1="306"><pair kpx2="528" kern="-14"/><pair kpx2="305" kern="-14"/><pair kpx2="302" kern="-14"/><pair kpx2="546" kern="-14"/><pair kpx2="307" kern="-14"/><pair kpx2="544" kern="-14"/><pair kpx2="535" kern="-14"/><pair kpx2="550" kern="-14"/><pair kpx2="303" kern="-14"/><pair kpx2="555" kern="-14"/></kerning><kerning kpx1="621"><pair kpx2="618" kern="-11"/><pair kpx2="17" kern="-100"/><pair kpx2="633" kern="-11"/><pair kpx2="607" kern="-11"/><pair kpx2="15" kern="-100"/><pair kpx2="622" kern="-11"/><pair kpx2="603" kern="11"/><pair kpx2="613" kern="-21"/><pair kpx2="602" kern="-11"/><pair kpx2="606" kern="-33"/><pair kpx2="619" kern="-11"/><pair kpx2="608" kern="11"/><pair kpx2="631" kern="-11"/><pair kpx2="616" kern="-12"/><pair kpx2="614" kern="-11"/><pair kpx2="170" kern="11"/></kerning><kerning kpx1="604"><pair kpx2="633" kern="-11"/><pair kpx2="607" kern="-11"/><pair kpx2="622" kern="-11"/><pair kpx2="620" kern="-21"/><pair kpx2="603" kern="-11"/><pair kpx2="625" kern="-44"/><pair kpx2="613" kern="-22"/><pair kpx2="602" kern="-11"/><pair kpx2="606" kern="-11"/><pair kpx2="619" kern="-11"/><pair kpx2="608" kern="-11"/><pair kpx2="621" kern="-21"/><pair kpx2="609" kern="-11"/><pair kpx2="616" kern="-11"/><pair kpx2="614" kern="-11"/><pair kpx2="628" kern="-33"/></kerning><kerning kpx1="584"><pair kpx2="601" kern="-21"/><pair kpx2="593" kern="-21"/><pair kpx2="581" kern="-11"/><pair kpx2="613" kern="-11"/><pair kpx2="576" kern="-21"/><pair kpx2="623" kern="-11"/><pair kpx2="591" kern="-44"/><pair kpx2="574" kern="-21"/><pair kpx2="606" kern="-21"/><pair kpx2="589" kern="-21"/><pair kpx2="570" kern="-21"/></kerning><kerning kpx1="513"><pair kpx2="300" kern="-20"/><pair kpx2="522" kern="-74"/><pair kpx2="517" kern="-20"/><pair kpx2="527" kern="-74"/><pair kpx2="521" kern="-74"/><pair kpx2="3" kern="-55"/></kerning><kerning kpx1="573"><pair kpx2="607" kern="-66"/><pair kpx2="15" kern="-122"/><pair kpx2="632" kern="-56"/><pair kpx2="581" kern="-56"/><pair kpx2="601" kern="-33"/><pair kpx2="618" kern="-56"/><pair kpx2="633" kern="-66"/><pair kpx2="169" kern="-66"/><pair kpx2="610" kern="-56"/><pair kpx2="606" kern="-66"/><pair kpx2="587" kern="-44"/><pair kpx2="570" kern="-66"/><pair kpx2="582" kern="-22"/><pair kpx2="170" kern="-66"/><pair kpx2="178" kern="-21"/><pair kpx2="613" kern="-56"/><pair kpx2="621" kern="-66"/><pair kpx2="604" kern="-56"/><pair kpx2="616" kern="-66"/><pair kpx2="584" kern="-56"/><pair kpx2="577" kern="-21"/><pair kpx2="17" kern="-122"/><pair kpx2="615" kern="-56"/><pair kpx2="630" kern="-56"/><pair kpx2="602" kern="-56"/><pair kpx2="574" kern="-66"/><pair kpx2="614" kern="-56"/><pair kpx2="629" kern="-56"/></kerning><kerning kpx1="622"><pair kpx2="633" kern="-11"/><pair kpx2="620" kern="-21"/><pair kpx2="603" kern="-11"/><pair kpx2="625" kern="-21"/><pair kpx2="613" kern="-21"/><pair kpx2="606" kern="-21"/><pair kpx2="621" kern="-11"/></kerning><kerning kpx1="522"><pair kpx2="15" kern="-127"/><pair kpx2="305" kern="-90"/><pair kpx2="30" kern="-55"/><pair kpx2="536" kern="-74"/><pair kpx2="517" kern="-56"/><pair kpx2="16" kern="-90"/><pair kpx2="544" kern="-90"/><pair kpx2="525" kern="-47"/><pair kpx2="553" kern="-90"/><pair kpx2="505" kern="-74"/><pair kpx2="307" kern="-90"/><pair kpx2="534" kern="-47"/><pair kpx2="507" kern="-74"/><pair kpx2="29" kern="-55"/><pair kpx2="300" kern="-56"/><pair kpx2="539" kern="-74"/><pair kpx2="531" kern="-37"/><pair kpx2="3" kern="-18"/><pair kpx2="513" kern="-74"/><pair kpx2="17" kern="-127"/><pair kpx2="530" kern="-74"/><pair kpx2="541" kern="-74"/><pair kpx2="551" kern="59"/><pair kpx2="302" kern="-90"/><pair kpx2="504" kern="91"/><pair kpx2="301" kern="-56"/><pair kpx2="538" kern="-37"/></kerning><kerning kpx1="92"><pair kpx2="17" kern="-74"/><pair kpx2="15" kern="-74"/></kerning><kerning kpx1="512"><pair kpx2="543" kern="-12"/><pair kpx2="528" kern="-12"/><pair kpx2="305" kern="-12"/><pair kpx2="537" kern="-12"/><pair kpx2="300" kern="-30"/><pair kpx2="517" kern="-30"/><pair kpx2="302" kern="-12"/><pair kpx2="307" kern="-12"/><pair kpx2="544" kern="-12"/><pair kpx2="553" kern="-12"/><pair kpx2="535" kern="-12"/><pair kpx2="301" kern="-55"/><pair kpx2="550" kern="-12"/><pair kpx2="303" kern="-12"/><pair kpx2="555" kern="-12"/></kerning><kerning kpx1="89"><pair kpx2="17" kern="-74"/><pair kpx2="15" kern="-74"/></kerning><kerning kpx1="602"><pair kpx2="620" kern="-21"/><pair kpx2="625" kern="-21"/><pair kpx2="621" kern="-11"/><pair kpx2="609" kern="-11"/></kerning><kerning kpx1="574"><pair kpx2="590" kern="-21"/><pair kpx2="593" kern="-34"/><pair kpx2="589" kern="11"/><pair kpx2="621" kern="21"/><pair kpx2="609" kern="33"/><pair kpx2="616" kern="11"/></kerning><kerning kpx1="623"><pair kpx2="607" kern="-11"/><pair kpx2="622" kern="-11"/><pair kpx2="620" kern="-11"/><pair kpx2="603" kern="-11"/><pair kpx2="625" kern="-21"/><pair kpx2="602" kern="-11"/><pair kpx2="619" kern="-11"/><pair kpx2="609" kern="-11"/><pair kpx2="616" kern="-11"/></kerning><kerning kpx1="20"><pair kpx2="20" kern="-74"/></kerning></font-metrics>